CCODE,CNAME,CADD1,CADD2,STATE,CTOWN,PROPR,SONOF,GSTNO,CDLNO1,CDLNO2,DLDATE,GROUP,PHONE,EMAIL,OPENING,TYPE
1000,CASH ON HAND A/C,,,37,,,,,,,,A005,,,27410,4
1001,PURCHASE (OTHER STATE) A/C,,,37,,,,,,,,T002,,,0,4
1002,PURCHASE A/C,,,37,,,,,,,,T003,,,0,4
1003,SALES (OTHER STATE) A/C,,,37,,,,,,,,T004,,,0,4
1004,SALES A/C,,,37,,,,,,,,T005,,,0,4
1005,DISCOUNT A/C,,,37,,,,,,,,P035,,,0,4
1006,SALES RETURN A/C,,,37,,,,,,,,T007,,,0,4
1007,PURCHASE RETURN A/C,,,37,,,,,,,,T003,,,0,4
1008,FREIGHT INWARD A/C,,,37,,,,,,,,T008,,,0,4
1009,FREIGHT OUT WARD A/C,,,37,,,,,,,,P005,,,0,4
1010,OPENING STOCK A/C,,,37,,,,,,,,T001,,,0,4
1101,4%    INPUT TAX,,,37,,,,,,,,T101,,,0,4
1102,12.5% INPUT TAX,,,37,,,,,,,,T102,,,0,4
1103,4%    OUTPUT TAX,,,37,,,,,,,,T103,,,0,4
1104,12.5% OUTPUT TAX,,,37,,,,,,,,T104,,,0,4
1105,14.5% INPUT TAX,,,37,,,,,,,,T105,,,0,4
1106,14.5% OUTPUT TAX,,,37,,,,,,,,T106,,,0,4
1107,5%    INPUT TAX,,,37,,,,,,,,T107,,,0,4
1108,5%    OUTPUT TAX,,,37,,,,,,,,T108,,,0,4
2001,EAST WEST PHARMA,"76-13-1/3A,GROUND FLOOR","JOJI NAGAR,BHAVANIPURAM",37,VIJAYAWADA,,,37AIVPM2843C3ZZ,AP/06/02/2017-141619,AP/06/02/2017-141620,,L003,9441597817,,12803,1
2002,TEJOMAYEE MEDICAL DISTRIBUTORS,DNO:28-12-8/2 OPP:MASJEED,JAMPETA,37,RAJAHMUNDRY,,,37BDRPP6628Q1ZC,AP/04/02/2016-132902,AP/04/02/2016-132903,,A003,8143133111,,0,1
2003,MODI MUNDIPHARMA PVT LTD,HNO:2-2-1164/1/2/A/1,"NEW NALLAKUNTA,TILAK NAGR",36,HYDERABAD-500044,,,36AAACM2303F1Z3,20B/341/HD/AP/96/W,21B/341/HD/AP/96/W,,L003,,,0,5
2004,SRI LAKSHMI NARAYANA MEDICAL,AGENCIES,"D.NO:10-7-33/1,RANGIREGPT",37,RAJAHMUNDRY,K.CHANDRASEKHAR,,37BAMPK9735M1ZU,AP/04/02/2014-112926,AP/04/02/2014-112927,,L003,0883-2437692,,0,1
2005,OMKAR MEDICAL AGENCIES,PAPPULA STREET,,37,RAJAHMUNDRY,RAMA KRISHNA,,37AWOPS3833M1ZP,86,86,,A003,2466258,,0,1
2006,PFIZER LIMITED,C/O SREE RAJARAJESWARI MED AG,PLOT NO:9'BLOCK NO:37,36,HYDERABAD,,,36AAACP3334M1ZC,235/RR/AP/2009/W,235/RR/AP/2009/W,,L003,040-30008801,,12361.65,5
2007,AJANTA PHARMA LTD,"3RDFLOOR,PLOTNO:15&16,","K.S.R TOWER,VILAN LAYOUT",37,VIJAYAWADA,,,37AAACA5579P1Z0,AP/06/02/2012-100597,AP/06/02/2012-100598,,L003,0866-2972001,,0,1
2008,EMAMI LIMITED,"PLOTNO:22,BLOCKNO:32",BESIDE:TRUCKERS INDIA,36,HYDERABAD,,,36AAACH7412G1ZU,,,,L003,040-24021586,,0,5
2009,SAI MANGARAJA MED/ENTERPRISES,RANGREEZPETA,,37,RAJAHMUNDRY,,,37AADFS2608D1ZI,58,58,,A003,,,0,1
2010,SAI KIRAN MEDICAL AGENCIES,PAPPULA STREET,D.NO.31-7-48,37,RAJAHMUNDRY,SIMHACHALAM,,37AZNPS1925Q1ZF,189/AP/EG(R)2003/W,189/AP/EG(R)2003/W,,L003,6663839 9849824815,,0,1
2011,PANACEA BIOTEC PHARMA LTD,D.NO-76-10-10 GANDHI BOMMAROAD,"BHAVANI PURAM,GF SHOP:1",37,VIJAYAWADA,,,37AAKCP4431B1ZN,AP/06/02/2019-3810,AP/06/02/2019-3811,,L003,7569724780,,0,1
2012,UMA SHANKAR MEDICAL DISTRIBUTO,6/17/5 GROUND FLOOR BEZZALA,"MEDA STREET,KOTHAPET",37,VIJAYWADA,,,37ARBPK9693B1ZL,AP/06/02/2012-101503,AP/06/02/2012-101504,,L003,8142491107,,0,1
2013,LAKSHMI SARANYA MEDICAL AGENCS,"DNO:31-7-24/1,",PAPPULA STREET,37,RAJAHMUNDRY,K.S.N. MURTHY,,37ALKPK6858R1ZY,AP/04/02/118794,AP/04/02/118795,,L003,9849969123,,0,1
2014,LAKSHMI VENKATESWARA PHARMACEU,"TICALS,","DNO:2-5-14,YENUGULA BAZAR",37,NARASARAOPET,RAMU,,37AAIFL2092F1ZA,06/AP/GN/N/2010/W/G,06/AP/GN/N/2010/W/G,,L003,9290202040,,0,1
2015,SUN PHARMA DISTRIBUTORS LTD,"R SURVEY NO:15,SURYANIVAS GF","RK ENG COLLEGE ROAD,",37,VIJAYAWADA,,,37ABBCS7694H1ZS,AP/06/07/2019-1412,AP/06/07/2019-1413,,L003,0866-2434332,,0,1
2016,SNEHITHA MEDICAL AGENCIES,"DNO:28-28-17,JAMPETA",,37,RAJAHMUNDRY,SRINIVASU,,37ADIFS1476M1ZG,AP/04/02/2017-136925,AP/04/02/2017-136926,,L003,9010802080,,0,1
2017,RAJAHMUNDRY PHARMACEUTICAL PVT,DNO:31-07-47,PAPPULA STREET,37,RAJAHMUNDRY,,,37AAGCR6827F1Z5,113567,113568,,L003,9000557060,,0,1
2018,EWP ASSOCIATES,"DNO:76-13-1/3A,GROUND FLOOR","PART-11,JOJI NAGAR,",37,VIJAYAWADA,,,37AADFE3892M3ZV,AP/06/02/2017-141629,AP/06/02/2017-141630,,L003,0866-2971876,,0,1
2019,VEERABADRA ENTERPRISES(W),JAMPETA,NEAR:A RAMARAJU STATUE,37,RAJAHMUNDRY,,,37AVJPR0555R1ZQ,AP/04/02/2018-147269,AP/04/02/2018-147270,,L003,9246653143,,0,1
2020,SREE VEERABHADRA MEDICAL AGENI,"DNO:31-7-42,PAPULLA STREET",,37,RAJAHMUNDRY,G.VENKATESWARA RAO,,37AHXPG5534H1ZW,158/AP/EG/R/2003/W.R,158/AP/EG/R/2003/W.R,,L003,0883-2479365,,0,1
2021,KRISHNA BALAJI MEDICAL AGENCES,"DNO:12-24-5-/1A HANUMAN F,F",TELEPHONE EXCHANGE BACK,37,RAJAHMUNDRY,B.V.GOPAL KRISHNA,,37AGGPB6334E1ZQ,79/AP/EG/R/2002/W,79/AP/EG/R/2002/W,,L003,0883-2472161,,0,1
2022,VISWANADHA MEDICAL AGENCIES,"DNO:9-4-18, 18/1,WATERWORK ST",INNAMURI STREET,37,RAJAHMUNDRY,,,37BIEPS8984E1ZL,354/AP/EG/R/2009/W,354/AP/EG/R/2009/W,,L003,8341422296,,0,1
2023,SRI SIVA PARVATHI MEDICAL AGEN,"CIES,DNO:64-34-09/3,QUARYMARKT","MALLAYAPETA,",37,RAJAHMUNDRY,,,37ALPPN74231ZU,AP/04/02/2020-9032,AP/04/02/2020-9033,,A003,9652359749,,0,1
2024,VIVEKANANDA MEDICAL DISTRIBUTO,"RS,DNO:21-07-26,GROUND FLOOR",RAJENDRA NAGER,37,RAJAHMUNDRY,,,37BVKPN3806P1ZW,AP/04/02/2020-8875,AP/04/02/2020-8876,,L003,9143678333,,0,1
2025,APPLE AGENCIES,DNO:1-200/A,VEPAGUNTA JUNCTION,37,VISAKHAPATNAM,,,37AHCPN0924H1ZI,AP/03/04/2018-147766,AP/03/04/2018-147767,,A003,9885415835,,0,1
2026,VASAVI MEDICAL AGENCIES,"DNO:31-7-19,","PAPULA STREET,",37,RAJAMAHENDRAVARAM,K.SRINIVASU,,37AAIFV9361M1ZB,433/AP/EG/R/2011/W,433/AP/EG/R/2011/W,,L003,0883-2476730,,0,1
2027,PFIZER PRODUCTS(I)PVT LTD,SREE RAJARAJESWARI MEDICAL AGE,"PLOT NO:9,BLK NO:37,AUTO",36,HYDERABAD,,,36AADCP8985B1Z5,236/RR/AP/2009/W,236/RR/AP/2009/W,,L003,,,4487.6,5
2028,EAST WEST PHARMA(I)PVT LTD,"DNO:76-13-1/2C,PART-1,JOJI NAG","GROUND FLOOR,CURRENT OFF",37,VIJAYAWADA,,,37AAFCE7959N1ZR,AP/06/02/2021-16623,AP/06/02/2021-16624,,L003,7904525826,,21404,1
2033,VINDHYA HEALTHCARE PVT.LTD,"H.NO.5-3,ST.NO.8,V.V.NAGAR",HABSIGUDA,36,HYDERABAD-500007,,,36AACCV6663P1ZK,,,,L003,040-64537653,,0,5
2034,RISHI HARI PRASAD MEDICAL AGEN,"DNO:9-4-18,",NANDIVADAVARI STREET,37,RAJAHMUNDRY,,,37AAJFR6443D1Z4,96,96,,L003,9849091071,,0,1
2035,HEMANT PHARMA,"DNO:2-4-437/B,RAMGOPALPET",NEAR:CLOTH MARCHANT ASSO,36,SECUNDERABAD,,,36AABFH5348B1ZQ,507/HD/AP/96/W-,507/HD/AP/96/W,,L003,,,0,5
2064,MITHRA AGENCIES,"DNO:16-11-477/45,",NEAR:BRILLANT GRAMMER SCL,36,HYDERABAD,,,36AHIPA1686P1ZX,261/HD/AP/2005,261/HD/AP/2005,,L003,040-24043566,,66804,5
2066,GOPI KRISHNA MED/DISTRIBUTORS,PAPPULA STREET,,37,RAJAHMUNDRY,NAGESWARA RAO,,37ABOPG7912L1Z6,47/AP/EG/R/2002/W,47/AP/EG/R/2002/W,,L003,2462857(2478389)R,,0,1
2067,LAKSHMI DEEPIKA MEDICAL DISTRI,"31-7-44,PAPPULA STREET",,37,RAJAHMUNDRY-533101,,,37ABFPJ6663A1ZT,125/AP/EG/R/2003/W,125/AP/EG/R/2003/W,,L003,0883-2476114,,0,1
2068,RAMA KRISHNA MEDICAL DIST,PAPPULA STREET,DNO:31-7-13/2,37,RAJAHMUNDRY,GANAPATHI,,37ABWPV4137G1ZZ,19/AP/EG/R/2002/W/R,19/AP/EG/R/2002/W/R,,A003,0883-2442623,,0,1
2069,SRI UMA MEDICAL AGENCIES,PAPPULA STREET,DNO:31-7-9/3,37,RAJAHMUNDRY,,,37ADPFS8570F1ZF,11/AP/EG(R)2002/W/R,11/AP/EG(R)2002/W/R,,A003,0883-2442587,,0,1
2073,ARAVINDAM MEDICAL AGENCIES(W),RANGREEZPETA,,37,RAJAHMUNDRY,PRASAD,,37AAHFA9463A1ZJ,4,4,,A003,2442038,,0,1
2082,MANGARAJA MEDICAL AGENCIES,RANGREEZPETA,DNO:10-7-34/2,37,RAJAHMUNDRY,,,37AADFM5263G1Z9,27/AP/EG/R/2002/W/R,27/AP/EG/R/2002/W/R,,A003,2464892/5562365,,0,1
2101,L.C AGENCIES,"DNO:11-24-83, 1ST FLOOR",BHAVANNARAYAN STREET,37,VIJAYAWADA-520001,,,37AAGHV9740Q1Z2,AP/06/02/2014-117680,AP/06/02/2014-117680,,L003,9848113055,,0,1
2104,DEVI MEDICAL AGENCIES,PAPPULA STREET,,37,RAJAHMUNDRY,,,37AAHPO7411J1ZH,33,33,,A003,,,0,1
2109,SANZYME(P)LTD,"DNO:5-81/2,3RD FLOOR",DEVINENI VARI STREET,37,VIJAYAWADA,0866-2412763,,37AAACU2692R1ZK,68/AP/KR(V-1)2006,68/AP/KR(V-1)2006,,L003,9390567099,,0,1
2111,SRINIVASA DRUGS,HNO:1-1-771/D-626,GANDGINAGAR,36,HYDERABAD,,,36ABSPP4627R1ZL,208/701/HD/AP/95/R-W,208/701/HD/AP/95/R-W,,L003,040-27621849,,0,5
2113,KUMAR SAI MED/AGENCIES,"DNO:31-7-46,PAPPULA STREET",,37,RAJAHMUNDRY,PRASAD,,37ARYPG2326E1ZO,363/AP/EG/R/2009/W,363/AP/EG/R/2009/W,,A003,0883-2444849,,0,1
2117,FERRING PHARMACEUTICALS PVT LD,H.NO-4-3-143\A,BPR TOWERS ATTAPUR,36,HYDERABAD,,,36AAACF3120H1Z5,TG/25/03/2015/4651,TG/25/03/2015/4652,,A003,040-40205590,,0,5
2118,SREE RAMA MEDICAL STORES,MOCHI STREET,,37,RAJAHMUNDRY,K.S.V.SATYANARAYANA,,37AALFS8103M1ZP,178/AP/EG/R/2003/W,178/AP/EG/R/2003/W,,L003,9885094228,,0,1
2121,VENKATA DURGA MEDICAL CORP,DNO:3-12-82/3,POWER OFFICE ROAD,37,NASARAOPETA,,,37AAEFV9504G1ZZ,63/AP/GN-N/2006/W/CC,63/AP/GN-N/2006/W/CC,,L003,9246453197,,0,1
2122,PRAVEEN MEDICAL AGENCIES,DNO:31-7-39/A,PAPULA STREET,37,RAJAHMUNDRY,SRINIVASA RAO,,37ADPPRK8649N1A,144/AP/EG/R/2008/W/R,144/AP/EG/R/2008/W/R,,L003,9989032654,,0,1
2124,GANESH MEDICAL AGENCIES,PAPPULA STREET,NEAR KMS,37,RAJAHMUNDRY,,,37DXWPS8898N2ZI,123901,123902,,L003,9885994399,,0,1
2126,MURALI KRISHNA ENTERPRISES,"DNO:8-2-6/2,NEAR:GANESH TEMPLE",NALAM BHIMARAJU STREET,37,RAJAHMUNDRY,,,37AECPK6215K1ZG,391/AP/EG/R/2010/W,391/AP/EG/R/2010/W,,L003,0883-2478207,,0,1
2129,SERNEX LIFE SCIENCES,"KONDABADI STREET DNO:3-5-7,",VIDHYADHARAPURAM,37,VIJAYAWADA,RAVI,,37ACVFS6620D1ZS,AP/06/02/2015-124851,AP/06/02/2015-124852,,L003,0866-3074217,,0,1
2131,SANJIVINI PHARMA,MOCHI STREET,,37,RAJAHMUNDRY,0883-2441043,,37AEPPK7501P1ZU,109,109,,L003,9848366810,,0,1
2132,BABA MEDICAL AGENCIES,MOCHI STREET,,37,RAJAMEHENDRAVARAM,,,,115915,115916,,A003,,,0,1
2134,SRI SAI PHARMA,29-23-28/1/A,TADEPALLIVARI STREET,37,VIJAYAWADA-520002,,,37AAUPI2336R1ZW,116/AP/KR-V2/2008/W,116/AP/KR-V2/2008/W,,L003,0866-2533714,,0,1
2135,HEALTH PULSE PHARMACEUTICALS,"DNO:54,K.D.G.OS COLONY",,37,VIJAYAWADA-520011,,,37AVKPS1040D1ZR,374/KR/AP/2010,374/KR/AP/2010,,L003,8977680765,,0,1
2137,LAKSHMI GANAPATHI ENTERPRISES,PAPPULA STREET,,37,RAJAHMUNDRY,U.VIAWANADHAM,,37AATPU1437A1ZK,,,,A003,9866349177,,0,1
2138,LEELA MED/AGENCIES,WATER WORKS ST,,37,RAJAHMUNDRY,,,37AAJPI2879Q1ZT,27,27,,A003,,,0,1
2142,SAI SRINIVASA MEDICAL CORPORA,"C8/1,INDUSTRIAL AREA","RAMNATHAPUR,UPPAL",36,HYDERABAD,,,36ACCFS3863P1ZH,TG/15/5/16-14816/17,,,L003,,,0,5
2144,SR MEDICAL AGENCIES,DNO:31-03-03 GROUND FLOOR,MOCHI STREET,37,RAJAHMUNDRY,RAVI KUMAR,,37ACZFS7573H1Z2,AP/04/02/2016-129446,AP/04/02/2016-129447,,A003,9866996533,,0,1
2146,SRI LAKSHMI SRINIVASA MEDICAL,AGENCIES PAPULA STREET,DNO:31-7-48,37,RAJAHMUNDRY,,,37AHRPB3382N1ZS,42,42,,L003,9848553090,,0,1
2147,DURGA AGENCIES,"DNO:11-25-59,",CHALLAMRAJU VARI STREET,37,VIJAYAWADA,,,37ACHPV0278Q1ZP,AP/2015-124406,AP/2015-124407,,L003,0866-6636889,,0,1
2148,RAVITEJA PHARMA DISTRIBUTORS,RANGREEJPET,,37,RAJAHMUNDRY,,,37AAVFR5947A1ZR,16/AP/EG/R/2002/W,16/AP/EG/R/2002/W,,L003,0883-2445899,,0,1
2149,SRI VEERABHADRA PHARAMACEUTI,CALS,,37,RAJAHMUNDRY,KUMAR,,37CAAPR4119R1Z4,AP/04/02/2016-134578,AP/04/02/2016-134579,,A003,8106346945,,0,1
3001,LICENCES & FEES A/C,,,37,,,,,,,,P001,,,0,4
3002,TRAVELLING A/C,,,37,,,,,,,,P002,,,0,4
3003,INTEREST A/C,,,37,,,,,,,,P003,,,0,4
3004,AUDIT FEE A/C,,,37,,,,,,,,P004,,,0,4
3006,BANK CHARGES A/C,,,37,,,,,,,,P006,,,0,4
3007,REMUNITATIONS A/C,,,37,,,,,,,,P007,,,0,4
3008,INCOME TAX A/C,,,37,,,,,,,,P008,,,0,4
3009,INSURANCE A/C,,,37,,,,,,,,P009,,,0,4
3010,POSTAGE A/C,,,37,,,,,,,,P010,,,0,4
3011,PACKING MATERIAL A/C,,,37,,,,,,,,P011,,,0,4
3012,PRINTING & STATIONERY A/C,,,37,,,,,,,,P012,,,0,4
3013,REPAIRS A/C,,,37,,,,,,,,P013,,,0,4
3014,RENT A/C,,,37,,,,,,,,P014,,,0,4
3015,SADAR A/C,,,37,,,,,,,,P015,,,0,4
3016,ELECTRICITY A/C,,,37,,,,,,,,P016,,,0,4
3017,TRANSPORT CHARGES A/C,,,37,,,,,,,,P017,,,0,4
3018,INCENTIVE A/C,,,37,,,,,,,,P018,,,0,4
3019,TELEPHONE CHARGES A/C,,,37,,,,,,,,P019,,,0,4
3020,VEHICLE MAINTANENCE A/C,,,37,,,,,,,,P020,,,0,4
3021,GIFTS A/C,,,37,,,,,,,,P021,,,0,4
3022,SALARIES A/C,,,37,,,,,,,,P022,,,0,4
3025,BONUS A/C,,,37,,,,,,,,P025,,,0,4
3026,STAFF WELFARE A/C,,,37,,,,,,,,P026,,,0,4
3027,PROFESSIONAL TAX A/C,,,37,,,,,,,,P027,,,0,4
3028,ROUTE CHARGES (LINE EXP) A/C,,,37,,,,,,,,P028,,,0,4
3029,DEPRECIATION A/C,,,37,,,,,,,,P029,,,0,4
3030,INTEREST ON OD A/C,,,37,,,,,,,,P030,,,0,4
3031,INTEREST TO CREDITORS A/C,,,37,,,,,,,,P031,,,0,4
3032,INTEREST ON DEPOSITS A/C,,,37,,,,,,,,P032,,,0,4
3033,INTEREST ON CAPITALS A/C,,,37,,,,,,,,P033,,,0,4
3034,COMPUTER MAINTENANCE A/C,,,37,,,,,,,,P034,,,0,4
3038,VATTAX PAID A/C,,,37,,,,,,,,P038,,,0,4
4001,P.NAGESWARARAO CAPITAL A/C,,,37,,,,,,,,L001,,,0,1
4002,P.NAGAMANI CAPITAL A/C,,,37,,,,,,,,L001,,,0,4
4003,SRI VIJAY DURGA CHITS PVT LTD,12-11-76,ARYAPURAM,37,RAJAHMUNDRY,P.RAMARAO,,37AAWCS1024R1ZK,,,,A004,0883-2437714,,0,1
4011,COMPUTER A/C,,,37,,,,,,,,A001,,,0,4
4012,CYCLE A/C,,,37,,,,,,,,A001,,,0,4
4013,FURNITURE A/C,,,37,,,,,,,,A001,,,0,4
4014,INVETER A/C,,,35,,,,,,,,A001,,,0,4
4015,REFRIGRATOR A/C,,,37,,,,,,,,A001,,,0,4
4021,SALES TAX DEPOSIT A/C,,,37,,,,,,,,A004,,,0,4
4022,SHOP ADVANCE A/C,,,37,,,,,,,,A004,,,0,4
4023,TELEPHONE DEPOSIT A/C,,,37,,,,,,,,A004,,,0,4
4024,ZANDU PHARMA DEPOSIT A/C,,,37,,,,,,,,A004,,,0,4
4050,KARUR VYSYA BANK A/C,,,37,,,,,,,,A006,,,579391.24,1
4051,OLD COLLECTION,,,37,,,,,,,,0000,,,0,1
4052,BANK OF BARODA,,,37,RAJAHMUNDRY,,,,,,,A006,,,0,3
4053,KVB DEPOSIT,,,37,,,,,,,,A004,,,0,3
9980,VAT TAX A/C,,,37,,,,,,,,A099,,,0,4
9989,TCS A/C,,,35,,,,,,,,A089,,,0,4
9996,COUNTER SALES A/C,,,37,,,,,,,,A003,,,0,3
9997,SUNDRY CREDITORS A/C,,,37,,,,,,,,L003,,,0,3
9998,SUNDRY DEBTORS A/C,,,37,,,,,,,,A003,,,0,3
9999,CASH SALES,,,37,,,,,,,,A003,,,0,3
AN01,SRI LAKSMI GANAPATHY MED/G/STS,MAINROAD,,37,ANAPARTHY,,,,1418,1418,,A003,9849962285,,0,3
AN02,OME V.V.BALAJISAI DURGA MED/G/,MAINROAD,,37,RAJAVOLU,,,,1036,1036,,A003,,,0,3
AN03,NEW HEMA MEDICALS,MAIN ROAD,,37,BOMMUR,NARAYANA,,37BUIPR3619D1ZI,817,817,,A003,9247242183,,0,1
AN04,CITY ZONE PHARMACY,BESIDE:KARUR VYSYA BANK,ABHIRATANA RECIDENCY,37,BOMMURU,,,37AAOFC4820G1ZF,AP/04/05/2019-420,AP/04/05/2019-421,,A003,9010249862,,0,2
AN05,SRI SAI MEDICAL&GENREL STORES,RAZAVOLU,,37,RAZAVOLU,,,,107640,107641,,A003,9985123842,,0,3
AN06,SRI SAI LAKSMI GANAPATHY MEDI,CAL&GENARAL/STORES,MAINROAD,37,SRIRAMAPURAM,SIVA,,,1137,1137,,A003,8328429911,,0,3
AN07,LAKSHMI BALAJI MEDICAL/G/STORE,MAINROAD,,37,BOMMURU,PURNA CHANDRAO,,,AP/04/05/2018-143806,AP/04/05/2018-143807,,A003,9550329486,,0,3
AN08,SRI SURYA MEDICALS,,,37,RAYAVARAM,,,,652,652,,A003,9963323666,,0,2
AN09,SAI MEDICAL&GENREL STORES,,,37,ANAPARTHY,SAI PRAKASH REDDY,,,1185,1185,,A003,9848748399,,0,3
AN10,SIVA SAGAR MEDICAL&GENERAL STO,MAINROAD,,37,KESAVARAM,,,,AP/04/05/2019-3774,AP/04/05/2019-3775,,A003,9494944984,,0,3
AN11,VEERA VENKATA MED/F/G/STORES,MAINROAD,,37,DIWANCHERUVU,P.SATYA TREENATH,,,10671,10672,,A003,7997676389,,0,3
AN12,SRI LAKSHMI DURGA GANAPATHI MS,MAINROAD,,37,RANGAPURAM,CHV.SUBRAMANYAM,,,497,497,,A003,,,0,3
AN13,VIGNESWARA MED/G/STORES,,,37,BALABHADRAPURAM,,,,402,402,,A003,,,0,3
AN14,SHANTHI PHARMACY,"DNO:21-1-29,",JAWAHAR STREET,37,KAKINADA,,,37AAJHS8953H1ZG,AP/04/01/2017-139584,AP/04/01/2017-139586,,A003,0884-6666777,,0,1
AN15,MANI GOPAL MEDICAL&GEN/STORES,MAINROAD,,37,MALLEPALLI,,,,189/AP/EG/R/2002/R,189/AP/EG/R/2002/R,,A003,237777,,0,3
AN16,COMPASS ENTERPRISES PVT LTD,GSL CAMPAS,LAXMIPURAM,37,RAJANAGARAM,,,37AAGCC3838F1ZN,AP/04/05/2016-133211,AP/04/05/2016-133212,,A003,9949079707,,0,1
AN17,K.J.RAO&SONS,,,37,PEDDAPURAM,,,,185,185,,A003,08852-241258,,0,3
AN18,SRI SATYASRI MED/G/STORES,MAIN ROAD,,37,RAYAVARAM,,,37DYTPK4876G1ZL,157,157,,A003,08857-235234,,0,2
AN19,DOLPHIN DRUG HOUSE,"DNO:2-27-24,GOKUL STREET",SAROJINI DEVI SKIN HOSPIL,37,KAKINADA,,,37AFSPY1886P1ZZ,AP/04/01/2016-128713,AP/04/01/2016-128714,,A003,9032648843,,0,2
AN20,SRI LAKSHMI MEDICAL STORES,"DNO:5-289,FIRST FLOOR",C/O SAGAR CHILDRAN HOSPIL,37,ANAPARTHY,P.MALLIKA,,37BJZPP9122M1Z4,1258/AP/EG/K/2009/R,1258/AP/EG/K/2009/R,,A003,9177678773,,0,1
AN21,MURALI VIJAYA MEDICAL&GEN STS,H.B.COLANY,,37,RAJAHMUNDRY,,,,105934,105935,,A003,,,0,3
AN22,SRI LAKSHMI GANAPATHI MED/G/ST,GANESH TEMPLE STREET,"DNO:1-24, MAINROAD",37,KOTHATUNGAPADU,,,,141167,141168,,A003,7702435143,,0,3
AN23,SRI BHOVANI MED/GEN/STORES,MAINROAD,,37,SINGAMPALLI,,,,369,369,,A003,9951981917,,0,3
AN24,ACHUTHA MEDICAL&GENARAL STO,H.B COLANY,,37,RAJAHMUNDRY,,,,287,287,,A003,,,0,3
AN25,AYYAPA MEDICAL&GENARAL STORES,MAIN ROAD,,37,UNDURU,,,,21,21,,A003,9866121657,,0,3
AN26,THE DIWANCHERUVU MED/G/STORES,"DNO:4-1 SHOP NO:5,NH-16",MAIN ROAD,37,DIWANCHERUVU,K.S.N.MURTHY,,,406/AP/EG/R/2003/R,406/AP/EG/R/2003/R,,A003,9948027708,,0,3
AN27,SRI SAI LAKSHMI SRINIVASA M/G,"DNO:2-170,MAIN ROAD",,37,PALACHERLA,D.NAGA LAKSHMI,,,1025/AP/EG/R/2010/R,1025/AP/EG/R/2010/R,,A003,9866016173,,0,3
AN28,LAKSHMI DURGA M/F/STORES(H.B),H.B.COLONY,,37,RAJAHMUNDRY,,,37AMWPG6546M1Z5,765,765,,A003,,,0,2
AN29,SRI LAKSHMI GANAPATHI M/S,,,37,DIVANCHERVU,,,,822,822,,A003,,,0,3
AN30,SRI VEERABHADRA MEDICALS,DNO:5-41,,37,NARENDRAPURAM,,,,420,420,,A003,,,0,3
AN31,SATYASAI M/G/ST,DNO:1-114/1,MAIN ROAD,37,SRIKRISHNAPATANAM,K.YESUBABU,,,379/AP/EG/R/2003/R,379/AP/EG/R/2003/R,,A003,,,0,3
AN32,GAYATHRI M/STORES,MAINROAD,,37,KONDAGUNTUR,SRINIVASARAO,,,849,849,,A003,,,0,3
AN33,SRI LAKSHMI GANAPATHY MED/G/ST,MAINROAD,,37,RAYAVARAM,,,,1385,1385,,A003,08857234568,,0,3
AN34,AKSHAYA MEDICALS,,,37,NAMAVARAM,,,,AP/04/05/2019-45,AP/04/05/2019-46,,A003,8790603474,,0,3
AN35,SRI RAJESWARI MED/G/STORES,MAINROAD,,37,MACHAVARAM,,,,178,178,,A003,9866952133,,0,3
AN36,VENKATA BHAVANI MEDICAL&GEN/ST,"DNO:70-3-30/1,GROUND FLOOR",LALACHERUVU ROAD RAJAHMUN,37,LALACHERUVU(RJY),,,,AP/04/02/2020-11816,AP/04/02/2020-11817,,A003,9059423336,,0,3
AN37,SAIRAM MEDICAL&GENARAL/STORES,MAINROAD,,37,R.B.KOTTURU,SUBRAMANYAM,,,483,483,,A003,7095881345,,0,3
AN38,BHARATH MEDICALS,"DNO:N11,R.S.NO.637/685,GROUNDF",V.B CHEST INSTITE,37,DIWANCHERUVU,G.RADHIKA,,37ADUPG0289L1ZW,AP/04/05/2019-2280,AP/04/05/2019-2281,,A003,9490188874,,0,1
AN39,SRI LAKSHMI SRINIVASA MED/G/ST,MAINROAD,,37,KADIYAM,L.SATYANARAYANA,,,143/AP/EG/R/2001/R,143/AP/EG/R/2001/R,,A003,9490886768,,0,3
AN40,SRI ADITYA MED&GEN STORES,"DNO:6-198,MAINROAD",,37,RAYAVARAM,,,37AJLPG1360R1ZQ,47/AP/EG/K/2003/NH/R,47/AP/EG/K/2003/NH/R,,A003,9290160900,,0,1
AN41,SRI LAKSHMI ANNAPURNA MED/G/ST,LALACHERVU,,37,RAJAHMUNDRY,,,,977/AP/EG/R/2010/R,977/AP/EG/R/2010/R,,A003,9160335959,,0,3
AN42,SRI DHANAVANTRI MEDICAL STORES,,,37,VEDURUPAKA,,,,AP/04/04/2020-8512,AP/04/04/2020-8513,,A003,8919298817,,0,3
AN43,SRI HIRANAMAYI MED/G/STORES,MAINROAD,,37,LALACHARVU,VIJAY KRISHNA,,,1101,1101,,A003,9000551517,,0,3
AN44,STAR MEDICALS,SATI VARI STREET,NEAR:GANGI REDDY NURSING,37,ANAPARTHY,P.RAJIV KUMAR,,37BCAPP9809H1Z9,AP/04/04/2019-4695,AP/04/04/2019-4696,,A003,9885338600,,0,2
AN45,SRI MEDICALS &GENERAL STORES,"DNO:113-3-519/2,",,37,LALACHERUVU,PAVAN SAI KRISHNA,,,AP/04/05/2020-10100,AP/04/05/2020-10101,,A003,9492010919,,0,3
AN46,SANJEEVINI MEDICALS,,,37,DIVANCHERVU,,,,194/AP/EG/R/2002/R,194/AP/EG/R/2002/R,,A003,9948153485,,0,3
AN47,SAI PRIYA MEDICALS,"DNO:11-55/4,JAIHIND NAGAR,","MORAMPUDI ROAD,PIDIMGOYYA",37,MORAMPUDI,M.RENENDRA,,37BZOPM4289H1ZN,134487,134488,,A003,9652232526,,0,2
C210,LAKSHMI M/STORES,,,37,DEVARAPALLI,,,,273,273,,A003,,,0,3
C213,RAMAKRISHNA MEDICAL&GEN STORES,DNO:6-22,HIGH SCHOOL ROAD,37,PASIVEDALA,N.RAMAKRISHNA,,,317/AP/WG/E/2007/R,317/AP/WG/E/2007/R,,A003,,,0,3
C218,APOLLO PHARMACIES LIMITED,LINGAMURTHY HOSPITAL ROAD,"PATIMIDA,DNO:2-2-17/4",37,NIDADAVOLU,,,37AAPCA5954P1ZQ,324,324,,A003,08813-222108,,0,1
C227,SRI SESHA SAI MED/G/STORES,"THURUPUVEEDI,DNO:1-57",NEAR:RAMALAYAM TAMPLE,37,YADAVOLU,SURYA RAJA SESHAGIRI RAO,,,307/AP/WG/E/2003/R,307/AP/WG/E/2003/R,,A003,9394843299,,0,3
C267,GURUDEV M/G/ST,,,37,LALCHERVU,,,,981,981,,A003,,,0,3
C290,NAGASAI M/S,MAINROAD,,37,BALABHADRAPURAM,,,,396/AP/EG/K/2003/RDT,396/AP/EG/K/2003/RDT,,A003,,,0,3
C296,SRI JALANI M/G/STORES,DNO:4-124/1,MAIN ROAD,37,DOSAKAYALAPALLI,N.A.V .RAMARAO,,,AP/04/05/2016-130138,AP/04/05/2016-130139,,A003,9849031185,,0,3
C303,APOLLO PHARMACIES LIMITED,MAIN ROAD,,37,DOWLAISWARAM,,,37AAPCA5954P1ZQ,1140/AP/EG/R/2012/R,1140/AP/EG/R/2012/R,,A003,0883-2417100,,0,1
C313,SRI SAI RAM M/G/STORES,MAINROAD,,37,KAVALAGOYYE,K.D.SATAYANARAYANA,,,1158,1158,,A003,,,0,3
C319,SRI SRAVANI MEDICAL&GEN/STORES,"DNO:5-26/2,SIVALAYAM STREET",,37,D.KESAVARAM,S.PADMA LATHA,,,AP/04/05/2017-142691,AP/04/05/2017-142692,,A003,9912547608,,0,3
C331,SAI MEDICALS,,,37,GUTALA,,,,496,496,,A003,,,0,3
C332,SRI VENKATESWARA M/G/ST,MAIN ROAD,,37,BIKKAVOLU,,,37AAZPC9558Q1ZD,658,658,,A003,08857-236461,,0,1
C349,SRI DEVI NAGASAI M/S,MAINROAD,,37,PUSHOTHAPATNAM,,,,229,229,,A003,9989357596,,0,3
C380,SAI MEDICAL STORES(AC),ALCOTGARDENS,,37,RAJAHMUNDRY,P.V.B SWAMY,,,542/AP/EG/R/2003/R,542/AP/EG/R/2003/R,,A003,,,0,3
C381,SAI SRINIVASA M/G/ST,,,37,CHELLURU,,,,1380,1380,,A003,,,0,3
C383,SRI VENKATALAKSHMI M/ST,,,37,PUNYAKESHRAM,,,,225,225,,A003,9441773772,,0,2
C399,SIDDANTH CARE AND CURE PVT LTD,"DNO:21-1-4/2,SOCIETY ROAD",C/O SUDHA HOSPITAL,37,TANUKU,M.RAVI SANKAR,,37AAKCS9435L1ZL,AP/05/03/2015-125485,AP/05/03/2015-125486,,A003,9014536123,,0,1
C401,VIJAYASRI VALLI M/G/ST,,,37,RAJAVOLU,,,,837,837,,A003,,,0,3
C403,VASAVI M/G/ST,,,37,DUDDUKURU,,,,318,318,,A003,,,0,2
C411,ROPIKA MEDICALS,MAINROAD,,37,CHINNAYAGUDEM,,,,22,22,,A003,9440876279,,0,3
C416,SRI SATYANARAYANA M/S,,,37,ATHREYAPURAM,,,,277,277,,A003,,,0,3
C423,VIJYA SRIVALLI M/G/S,,,37,BOMMURU,VISHWESWARARAO,,,1114,1114,,A003,9949956431,,0,3
C428,PAVAN MEDICAL&G/S,DNO:1-189/1,,37,NARENDRAPURAM,Y.V.RAGHAVULU,,,1097/AP/EG/R/2011/R,1097/AP/EG/R/2011/R,,A003,9666459677,,0,3
DP01,SANDEEP MEDICALS(E.N.T),RAJYALAKSHMI ENT,DNO:46-12-31 DANAVAIPETA,37,RAJAHMUNDRY,K.SREENIVASA RAJU,,37AERPK3448K1ZW,163/AP/EG/R/2002/R,163/AP/EG/R/2002/R,,A003,0883-2475814,,0,2
DP02,BHAVYA SRI PHARMACY,DANVAIPETA,DNO:46-12-14,37,RAJAHMUNDRY,P.SATYA GEETA,,37ATVPP3220B1ZP,AP/04/02/2014-119860,AP/04/02/2014-119861,,A003,9059725267,,0,1
DP03,RAJYALAKSHMI GENRIC DRUG HOUSE,DNO:46-7-93,DANVAIPETA,37,RAJAMUNDRY,M.V.S.S.RAMKUMAR,,37AAVFR1202J1Z0,AP/04/02/2016-134904,AP/04/02/2016-134905,,A003,,,0,1
DP04,GANDHI MEDICALS,"DNO:76-4-8,OPP:RAJU NEURO HOS",GANDHIPURAM,37,RAJAHMUNDRY,,,,AP/04/02/2017-136523,AP/04/02/2017-136524,,A003,,,0,3
DP05,SRI LAKSHMI PHARAMACY(TILAK),NEAR:BHARAT CHEST CARE,TILAK ROAD,37,RAJAHMUNDRY,,,37ADUFS6565M1ZW,149748,,,A003,9398012386,,0,1
DP06,SRI SIVANI M/G/S,DNO:47-2-6/2,"VANI COMPLEX,Y.JUNCTION",37,RAJAHMUNDRY,S.NAGESH,,,223/AP/EG/R/2002,223/AP/EG/R/2002,,A003,0883-6953548,,0,3
DP07,JYOTHI DRUGS,DNO:74-10-9,PRAKASH NAGAR,37,RAJAHMUNDRY,,,37AAFFJ5151Q1ZU,651,651,,A003,,,0,1
DP08,PRASAD MEDICALS,,,37,MORUMPUDI,,,,174,174,,A003,,,0,3
DP09,MITHRA MEDICALS,C/O NEMANI KIDNEY CENTER,PRAKASH NAGAR,37,RAJAHMUNDRY,N.MURALI KRISHNA,,37AAOFM1199G1ZV,648/AP/EG/R/2005/R,648/AP/EG/R/2005/R,,A003,0883-2443474,,0,1
DP10,SRI SURYA SRIYA MED/G/STORES,"DNO:46-20-7/2,WOMENS COLLEGE J",CHINNA ANJANEYA SWAMY TEM,37,RAJAHMUNDRY,S.V.S.CHENDRA SEKHAR,,,AP/04/02/2018-150098,AP/04/02/2018-150099,,A003,8309676762,,0,3
DP11,SRI VISHNU CHAKRADHAR MEDICALS,"DNO:85-06-24/1,GROUND FLOOR",CHAKRADHAR HOSPITAL,37,RAJAHMUNDRY,,,37ADXFS4760P1ZU,AP/04/02/2019-396,AP/04/02/2019-397,,A003,9912561643,,0,1
DP12,JUHITA MEDICALS,"DNO:78-2-12,SYAMALA NAGAR",SWAMY VYDHYALAYA OLD SOMA,37,RAJAHMUNDRY,A.BHANU,,37APQPA2499L1Z9,AP/04/02/2018-148933,AP/04/02/2018-148934,,A003,8019001177,,0,2
DP13,AMURUTHA PHARMACY,BESIDE:DR.KARRI RAMAREDDY HOS,PRAKASH NAGER,37,RAJAHMUNDRY,G.DEVI MEENAKSHI,,,AP/04/02/2017-136000,AP/04/02/2017-136001,,A003,7989906137,,0,3
DP14,R.R.PHARMACY,CHINNA ANJANEYA STREET,DHANVAIPETA,37,RAJAHMUNDRY,T.BINDU,,37AYAPT4722A1ZP,AP/04/02/2016-130576,AP/04/02/2016-130577,,A003,9676914280,,0,2
DP15,MEDIHEAL PHARMACY&GENARALS,"DNO:46-9-1,NEAR:RK RESTARENT",DANVAIPETA,37,RAJAHMUNDRY,VARAPRASAD,,,AP/04/02/2020-14499,AP/04/02/2020-14500,,A003,7286994376,,0,3
DP16,SUSMITHA MEDICALS,"DNO:46-20-13,SUSMITHA HOS","DANVAIPETE,NEAR AJANEYA S",37,RAJAHMUNDRY,S.NARAYANA MURTHY,,,AP/04/02/2020-14497,AP/04/02/2020-14498,,A003,8712312322,,0,3
GE00,GENERAL,,,37,,,,,,,,A003,,,0,4
GE03,VIJYA LAKSHMI MED/G/STORES,BUS STOP CENTER,,37,GADALA,,,,127229,127230,,A003,9052085319,,0,3
GE12,NAGA SRI MEDICAL AGENCIES,WATER WORKS ST,,37,RAJAHMUNDRY,,,37AAYPC5263B1ZN,23,23,,L003,,,0,1
GE20,RAVI MEDICALS,DNO:10-98/A,MAIN ROAD,37,RAGHUDEVAPURAM,CH.ANJANEYALU,,37ANEPC8900G1Z8,534/AP/EG/R/2003/R,534/AP/EG/R/2003/R,,A003,2458888,,0,1
GE21,LAKSHMI SRINIVASA M/G/STORES,MAINROAD,,37,RAGHUDEVAPURAM,,,,431/AP/EG/R/2003/R,431/AP/EG/R/2003/R,,A003,2458362,,0,3
GE26,SRI RAMA MEDICAL STORES,"DNO:8-485,RING ROAD",,37,RAVULAPALEM,K.V.SEETARAMAM,,37BVCPK0655D1ZV,368/AP/EG/A/2003/R,368/AP/EG/A/2003/R,,A003,256115(08855),,0,2
GE29,SRI VENKATESWARA M/STORES,,,37,MIRTHIPADU,,,,40,40,,A003,2497668,,0,2
GE31,SAI DURGA MEDICALS,,,37,KATHERU,,,,512,512,,A003,9848588769,,0,3
GE37,SRI ASWINI M/G/STORES,,,37,DEVARAPALLI,NARAYANA,,,62,62,,A003,99490073754,,0,2
GE53,KANAKA DURGA MED/GEN/STORES,QUARI MARKET,DNO:63-16-9,37,RAJAHMUNDRY,CH.PREMANANDA DAS,,,514/AP/EG/R/2003/R DT,514/AP/EG/R/2003/R DT,,A003,9949553702,,0,3
GE55,PRAYAGA BROTHERS RETAIL MEDICL,MALLAYAPETA,,37,RAJAHMUNDRY,,,,475,475,,A003,,,0,3
GE57,SRI VENKATASAI MEDICALS,BALAJI PETA,,37,BOMMURU,,,37AHEPR3437R1ZL,544,544,,A003,,,0,2
GE59,HEMA LATHA DEVI M/S,,,37,BOMMURU,,,,861,861,,A003,,,0,3
GE60,VENKATA GIRI MEDICALS,DNO:4-6,RAJAVOLU ROAD,37,BOMMURU,B.N.V.RAMARAO,,37AAOFV7854K1Z7,186/AP/EG/R/2002/R,186/AP/EG/R/2002/R,,A003,0883-2417469,,0,2
GE67,BALAKRISHNA MEDICAL&G/STORES,DNO:8-1114,RING ROAD,37,RAVULAPALEM,G.NAGESWARARAO,,37ACOPG1924F1ZP,76/AP/EG/A/2002/R,76/AP/EG/A/2002/R,,A003,08855 259039,,0,2
GE77,SRI VIJAYA LAKSHMI M/G/S,,,37,BURRILANKA,,,,394,394,,A003,2453087,,0,3
GE81,SRI SWAMY MEDICALS&G/STORES,MAINROAD,,37,CHOPPELLA,P.PRASAD,,,64,64,,A003,0883-2493564,,0,3
GE83,SRI SAI RAMA M/G/STORES,DNO:8-1119,MRO OFFICE ROAD,37,RAVULAPALEM,S.SUBBARAO,,,530/AP/EG/A/2005/R,530/AP/EG/A/2005/R,,A003,9666823199,,0,3
GE86,MANYAM M/STORES(NEW),,,37,RAVULAPALEM,,,37ADBPM4172D1ZS,384,384,,A003,958855(257200),,0,1
GE89,AMAR MEDICAL/GEN/STORES,DNO:3-40,NADI VEEDI,37,UNAGATLA,K.SRINIVASU,,,587/AP/WG/E/2004/R,587/AP/WG/E/2004/R,,A003,256141,,0,3
GE91,MANYAM M/STORES(OLD),"DNO:8-113-5,RING ROAD",MANYAM COMPLEX,37,RAVULAPALEM,M.NAGENDRA KUMAR,,37AMRPM7089C1ZH,74/AP/EG/A/2002/R,74/AP/EG/A/2002/R,,A003,9959253434,,0,1
GK00,GOKAVARAM,,,37,,,,,,,,A003,,,0,2
GK01,SATYANARAYANA M/S,,,37,YELESWARAM,,,,316,316,,A003,,,0,3
GK02,SAI VINAYAKA MEDICAL &GEN ST,,,37,GOKAVARAM,,,,788,788,,A003,9849420316,,0,3
GK03,VASAVI MEDICAL&GEN/STORES,MAINROAD,,37,TORREDU,,,,92,92,,A003,9912019433,,0,3
GK05,VENKATA SATYA M/G/STORES,,,37,GOKAVARAM,,,,581,581,,A003,9949795579,,0,2
GK06,PADMAVATI MEDICAL STORES,MAIN ROAD,,37,GOKAVARAM,JAGADEESH,,,390,390,,A003,55488,,0,2
GK07,SRI SAI SUBRAMANYENSWARA MED/G,MAIN ROAD,,37,GUMULURU,,,,828,828,,A003,9908031273,,0,3
GK08,SAI SRIRAMA MED/G/STORES,MAINROAD,,37,KORUKONDA,,,,102,102,,A003,9963802806,,0,3
GK09,PURNASANTHOSHI DURGA M/S,,,37,GADALA,,,,246,246,,A003,9849424122,,0,3
GK10,S.L.V.SAIRAM MED/G/STORES,MAINROAD,,37,TANTHIKONDA,,,,234,,,A003,,,0,3
GK12,VASAVI MEDICAL STORES,,,37,ANKAMPALEM,,,,31/AP/EG/A/2007/R/R,31/AP/EG/A/2007/R/R,,A003,250288(98459651923,,0,2
GK15,SAI SRINIVASA MEDICAL &GEN ST,,,37,KORUKONDA,,,,456,456,,A003,496535,,0,3
GK16,SRI SRINIVASA MEDICALS,MAIROAD,,37,KORUKONDA,,,,6868,6868,,A003,9949105941,,0,3
GK17,SRI RADHA KRISHNA MED/G/STORES,MAINROAD,,37,KONTHAMURU,,,,AP/04/05/2020-12781,AP/04/05/2020-12782,,A003,9705818498,,0,3
GK18,TRIPURA MEDICALS,"DNO:3-194,1ST FLOOR",TRIPURA CHAILD CARE,37,KORUKONDA,,,,AP/04/05/2021-18417,,,A003,,,0,3
GK20,AKSHYA MEDICALS,MAINROAD,,37,SARABHAVARAM,,,,134704,134705,,A003,,,0,3
GK21,S.V.V.S. MEDICAL STORES,,,37,SRIRANGAPATNAM,,,,372,372,,A003,2496659,,0,2
GK23,SRI LAKSHMI SRINIVASA M/S,,,37,SRI RANGAPATNAM,,,,409,409,,A003,9885042210,,0,3
GK24,SRI LAKSHMI MEDICAL&GENRAL STS,DNO:4-117,,37,BUCHIMPETA,N.RAJESH,,,827/AP/EG/R/2007/R,827/AP/EG/R/2007/R,,A003,9848746804,,0,3
GK25,SRI KRISHNA M/G/STORES,MAIN ROAD,,37,JEGURUPADU,,,,357,357,,A003,9866009783,,0,3
GK28,VENKATASAI MEDICAL&G/STORES,MAINROAD,DNO:4-90,37,KAMARAJUPETA,G.APPARAO,,,159,159,,A003,2405321,,0,3
GK29,SOWRYA MEDICAL&GEN/STORES,DNO:122-2-280,MAINROAD,37,KATERU,,,,AP/04/05/2019-5014,AP/04/05/2019-5015,,A003,8977011994,,0,3
GK53,SRI JAGAJJANANI MEDICAL STORES,,,37,JAGGAMPETA,,,,137,137,,A003,08852 233616,,0,2
GK54,SRI DHANRAJ MEDICAL &GEN ST,LINGAM PARTY ROAD,,37,YELESWARAM,KRISHNA KANTH,,,1058,1058                   2,,A003,224281(08868),,0,1
GK58,SRI MEDICALS,,,37,G.KOTHAPALLI,,,37AEDPV1774K2ZX,38,38,,A003,9848105650,,0,2
GK65,SRI LAKSHMI GANAPATHY MED/G/ST,MAINROAD,,37,KONTHAMURU,P.NARASHMHARAO,,,146710,146711,,A003,9618990759,,0,3
GK67,SRI SEETHA RAMA M/G/S,GADARADA,,37,GADARADA,,,,939,939,,A003,,,0,3
GK69,SEETAMAHALAKSMI MED/GEN/STORES,,,37,VANGALAPUDI,GOVIND,,37ATYPG0189K1ZY,50,50,,A003,,,0,2
GK70,VASANTHA CHAMUNDESWARI M/G/S,DNO:2-91,MAIN ROAD,37,GADALA,D.PERUMALLU,,,AP/04/05/2015-127227,AP/04/05/2015-127228,,A003,,,0,3
GK71,SIRESHA MEDICAL&G STORES,MAINROAD,,37,DIWANCHERUVU,B YESU BABU,,,130870,130871,,A003,,,0,3
GK73,SAI RAMA MEDICAL&GENERAL STORS,MAINROAD,,37,TEKULABORU,SUBRAMANYAM,,37BDWPP9898K1ZX,132391,132392,,A003,9912405404,,0,2
L101,PHANENDRA PRASAD MEDS.,"DNO:29-27-34,",LAKSHMIVARAPUPETA,37,RAJAHMUNDRY,J.BHASKARA RAO,,37ADCPJ7981L1ZY,495/AP/EG(R)2003/R,495/AP/EG(R)2003/R,,A003,2466676,,0,1
L102,ANJANEYA M/G/S,LAKSHMIVARAPU PETA,DNO:29-14-72,37,RAJAHMUNDRY,CH.SRI RAMACHANDRAMURTHY,,,440/AP/EG/R/2003/R DT,440/AP/EG/R/2003/R DT,,A003,460649,,0,3
L103,UNIVERSAL PHARMACY,LAKSHIVARAPU PETA,,37,RAJAHMUNDRY,,,37AAFFU4614F1Z8,122638,122639,,A003,0883-2555533,,0,1
L104,DHANVANTARI AYUR.NILAYAM (DC),DEVI CHOWK,,37,RAJAHMUNDRY,,,37ALTPA0756B1ZB,,,,A003,,,0,1
L105,SIDDHARDHA MEDICALS,DNO:29-33-51 A.SITARAMARAJU JN,NEAR DEVI CHOWK,37,RAJAHMUNDRY,DR C.JOGARAO,,37AVSPD6896Q1Z9,13/AP/EG/R/2002/R/NH,13/AP/EG/R/2002/R/NH,,A003,9849632585/2444800,,13154,1
L106,SRI HARSHA MEDICALS,GANESH CHOWK,DNO:29-33-13,37,RAJAHMUNDRY,M.SATYA VENKATA RAMANA,,37BBBPM3958A1ZT,11/AP/EG/R/2002/R/G,11/AP/EG/R/2002/R/G,,A003,0883-2491802,,0,2
L107,SREE SANJEEVI MEDICAL STORES,DNO:29-33-7/1,DEVI CHOWK,37,RAJAHMUNDRY,I.SATYANARAYANA,,37AIXPS0055J1ZM,87/AP/EG/R/2002/R,87/AP/EG/R/2002/R,,A003,0883-2465206,,0,2
L108,RAJU MEDICAL/G/S(D.C),DEVI CHOWK,DNO:29-33-2,37,RAJAHMUNDRY,P.NEHRU,,,503/AP/EG/R/2003/R DT,503/AP/EG/R/2003/R DT,,A003,,,0,3
L109,SRI LAKSHMI PRASAD MEDICALS,"DNO:29-14-74,LAKSHMIVARAPUPETA",C/O UTTAMA LAKSHMI HOSPIT,37,RAJAHMUNDRY,,,37ADTFS7858J1ZX,AP/04/02/2019-150716,AP/04/02/2019-150717,,A003,,,0,1
L110,SURYA TEJA MEDICAL&GEN,SHOPNO:3,GOKAVARAM BUS STAND,37,RAJAMUNDRY,M.V.L.NARAYANA,,,79/AP/EG/R/2002/R/R,79/AP/EG/R/2002/R/R,,A003,,,0,3
L111,AMAR KANAKALAKSHMI MEDICALS,DEVI CHOWK,DNO:28-1-5/2,37,RAJAHMUNDRY,T.SURYARAO,,37ADAPT9140K1Z5,283/AP/EG/R/2002/R,283/AP/EG/R/2002/R,,A003,2437544,,0,1
L112,DHANALAKSHMI MEDICAL&GEN/STORS,BIJJILI ICE FACTORY,K.K.ROAD,37,RAJAHMUNDRY,,,,423,423,,A003,0883-2463039,,0,3
L113,TAMMANA MEDICALS,,NEAR:KAMBHALA TANK,37,RAJAHMUNDRY,,,,217/AP/EG/R/2003/R/R,217/AP/EG/R/2003/R/R,,A003,,,0,3
L114,SRI AMRUTHA MEDICALS,SEETAMPETA,AMRUTHA HOSPATAL,37,RAJAHMUNDRY,,,37AHFPG1826N1Z6,881/AP/EG/R/2008/R,881/AP/EG/R/2008/R,,A003,0883-2421358,,0,1
L115,JAYALAKSHMI MEDICALS (DC),,,37,RAJAHMUNDRY,,,,225,225,,A003,2463756,,0,2
L116,SRI LAKSHMI SRINIVASA M/ST(DC),DEVI CHOWK,,37,RAJAHMUNDRY,,,,14/AP/EG/R/2003/R/R,14/AP/EG/R/2003/R/R,,A003,,,0,2
L117,SRI DURGA MEDICAL&GEN/STORES,C/O SAI SUDHA,"ARYAPURAM,",37,RAJAHMEHEDRAVARAM,,,,AP/04/02/2019-394,AP/04/02/2019-395,,A003,8686957475,,0,3
L117,SRI DURGA MEDICAL SHOP,C/O JAYA KIDNY CENTER,NEAR: K.DURGA HOSPITAL,37,RAJAHMUNDRY,,,,AP/04/02/2017-142112,AP/04/02/2017-142113,,A003,0883-2444434,,0,3
L118,RAM GOPAL MEDICALS,DEVI CHOWK,DNO:28-1-42,37,RAJAHMUNDRY,K.GOPAL KRISHNA,,37ALUPK8581H1Z9,161/AP/EG/R/2002/R,161/AP/EG/R/2003/R,,A003,0883-2461072,,0,1
L119,AMAR MEDICALS,DEVI CHOWK,DNO:28-1-42,37,RAJAHMUNDRY,RAMESH,,37AAGFA1007R1ZD,13/AP/EG/R/2003/W/R,13/AP/EG/R/2003/W/R,,A003,8309236978,,0,1
L120,SRI CHAKARADHAR MED/G/STORES,"SUBBARAO NAGER ,QUARRYMARKET",KORUKONDA ROAD,37,RAJAHMUNDRY,VEERABHADRARAO,,,140845,140846,,A003,9949359408,,0,3
L121,LATHA MEDICALS,DEVI CHOWK,DNO:29-14-96,37,RAJAHMUNDRY,D.SURYA KUMARI,,37AEJPD5045D1ZT,5/AP/EG(R)2002/NH/R,5/AP/EG(R)2002/NH/R,,A003,,,0,2
L122,RAMA PRIYANKA MEDICALS,GOKAVARAM BUS STAND,,37,RAJAHMUNDRY,,,,132060,132061,,A003,9248176089,,0,3
L123,SRI VIJAYA AYURVEDIC AGENCIES,NEAR GOKAVARAM BUS STAND,BESIDE:ASR MURTHY HOSPITL,37,RAJAHMUNDRY,,,,,,,A003,9440893593,,0,3
L124,SREE KRISHNA GANESH MED/GENARI,C/STORES,THUMALAVA,37,RAJAHMUNDRY,VASU,,,AP/04/02/2018-148983,AP/04/02/2018-148984,,A003,9866762325,,0,3
L125,GODAVARI M/G/S,GOK.BUSSTAND,DNO:29-2-3,37,RAJAHMUNDRY,NOOKARAJU,,37ABTPC4809R1ZV,160/AP/EG(R)/2002/R,160/AP/EG(R)/2002/R,,A003,0883-2441399,,0,2
L126,VISHNU SRI M/G/ST,RAMACHANDRARAO PETA,"DNO:18-9-12,DEVI CHOWK",37,RAJAHMUNDRY,A.KIRAN,,,905/AP/EG/R/2009/R,905/AP/EG/R/2009/R,,A003,,,0,3
L127,LAXMI PHARMACY (R.K.MATAM),"KORUKONDA ROAD,DNO:25-8-6/3",VADDADI HOSPATAL,37,RAJAHMUNDRY,V.RAMA LAKSHMI,,37ALFPV3813J2ZQ,AP/04/02/2016-130690,AP/04/02/2016-130691,,A003,9642228882,,0,2
L128,DHANA SRI MEDICAL STORES,GOKAVARAM BUS STOP,"SHOPNO:8,MUNCIPAL COMPLEX",37,RAJAHMUNDRY,K.DHANA LAKSHMI,,37APLPD7685L1Z5,321/AP/EG(R)2003/R,321/AP/EG(R)/2003/R,,A003,,,0,2
L129,AKANKSHA MEDICAL STORES,SATYA HOSPITAL,GOKAVARAM BUS STAND,37,RAJAHMUNDRY,,,,AP/04/02/2018-147537,AP/04/02/2018-147538,,A003,9030936206,,0,3
L130,ROYAL MEDICALS,BACK SIDE NAGADEVI TH,DNO:20-23-4 ROYAL HOSPITL,37,RAJAHMUNDRY,V.V.S.V PRASAD,,37AALFR7880C1ZT,825/AP/EG/R/2007/R,825/AP/EG/R/2007/R,,A003,0883-2446992,,0,1
L131,VASAVI SRI PHARMACY,"DNO:12-24-1,VASAVI SRI HOSPITA",NEAR:GOKAVARAM BUS STAND,37,RAJAHMUNDRY,,,37AHWPY5895J1ZU,AP/04/02/2016-133992,AP/04/02/2016-133993,,A003,9396168168,,0,2
L132,KRANTHI M/G/STORES,C/O KRANTHI NURSING HOME,DNO:20-23-7 NEAR G.BUS ST,37,RAJAHMUNDRY,K.VEERRAJU,,37AUVPK6396C1ZZ,73/AP/EG(R)/2002/R/R,73/AP/EG(R)/2002/R/R,,A003,0883-6576416,,0,2
L133,SRI UMA M/G/ST(BOMMANA HOSP),DNO:20-23-5.5/1,BACK SIDE:NAGADEVI THEATR,37,RAJAHMUNDRY,B.VENKATA LAKSHMI,,,AP/04/02/2013-104653,AP/04/02/2013-104654,,A003,0883-2476652,,0,3
L134,USHASWI MEDICALS,DNO:26-1-8/3C/O GOWTHAMI ENT,OPP:VETERNARY HOSPITAL,37,RAJAHMUNDRY,J.NAGADURGALAKSHMI,,,AP/04/02/2019-150726,AP/04/02/2019-150726,,A003,7032607714,,0,3
L135,RAMA LAKSHMI MEDICALS,DNO:12-23-13,ARYAPURAM,37,RAJAHMUNDRY,T.SANTOSH,,,445/AP/WG/E/2003/R,445/AP/WG/E/2003/R,,A003,,,0,3
L136,SAI GANESH MEDICAL&GENARAL STR,NEAR:GOKAVARAM BUS STAND,BESIDE: K DURGA HOSPITAL,37,RAJAHMUNDRY,CH.SRIRAMA MURTHY,,37BMDPS0664J4ZN,975/AP/EG/R/2010/R,975/AP/EG/R/2010/R,,A003,9493289123,,0,1
L137,SUNAYANA MEDICALS,DNO:12-20-18,ARYAPURAM C/O AKKIRA HOS,37,RAJAHMUNDRY,N.PRABHAKARA RAO,,37ADIPN3529J1Z8,8/AP/EG/R/2002/R NH,8/AP/EG/R/2002/R NH,,A003,,,0,1
L138,SAI SUDHA MEDICAL&GENARAL STO,SEETAMPETA,,37,RAJAHMUNDRY,,,,AP/04/02/2017-140955,AP/04/02/2017-140956,,A003,7013308299,,0,3
L139,SRI RAMAKRISHNA MEDICAL/HALL,ARYAPURAM,,37,RAJAHMUNDRY,J.NAGESWARARAO,,,481/AP/EG/R/2003/R/R,481/AP/EG/R/2003/R/R,,A003,,,0,3
L140,VENKATA RANGA MEDICALS,DNO:12-22-20,ARYAPURAM,37,RAJAHMUNDRY,M.NAGA SRINIVASU,,37AAJFV3054C1Z9,1040/AP/EG/R/2011/R,1040/AP/EG/R/2011/R,,A003,0883-2441647,,0,1
L141,SRI MAHALAKSHMI M/G/S,ARYAPURAM,DNO:12-22-75,37,RAJAHMUNDRY,K.V.S.GANGADHAR,,,455/AP/EG/R/2003/R,455/AP/EG/R/2003/R,,A003,,,0,3
L142,PARAMESWARI M/G/STORES,DEVI CHOWK,"DNO:12-22-58,ARYAPURAM",37,RAJAHMUNDRY,B.SEETARAMAYYA,,37BRRPB5175Q2ZW,252/AP/EG(R)2002/R/G,252/AP/EG(R)2002/R/G,,A003,9441465116,,0,2
L143,KARTHIKEYA GENARIC MEDICALS,BESIDE:RAJA THEYETER,KORUKONADA ROAD,37,RAJAHMUNDRY,,,,AP/04/02/2019-3300,AP/04/02/2019-3301,,A003,9949965859,,0,3
L144,NAGA VIGNESWARA M/STORES,TUMMALAVA,DNO:20-20-18,37,RAJAHMUNDRY,N.NRSPS GUPTA,,,308/AP/EG(R)/2002/R,308/AP/EG(R)/2002/R,,A003,,,0,3
L145,SRI HARI SHANKAR M/G/STORES,"DNO:29-9-12/2,JAMPETA",NANDAM GANIRAJU JN,37,RAJAHMUNDRY,G.POSI HANUMAN,,,1055/AP/EG/R/2011/R,1055/AP/EG/R/2011/R,,A003,9030938826,,0,3
L146,SWATANTRA PHARMA,M.DIVN.OF.S.C.H&R.C PVT LTD,DNO:19-5-21/6 SWATANTRA H,37,RAJAHMUNDRY,GANNI.BHASKRARAO,,37AAFCS3458Q1ZL,19/AP/EG/R/2002/RN,19/AP/EG/R/2002/RN,,A003,6573318,,0,1
L147,SREE JP PHARMACY,"DNO:29-7-5,C/O SRIRAMA NURSING",HOME.GOWTHAMI LIBRARY ST,37,RAJAHMUNDRY,JAYAPRASAD.Y,,37ADXFS7119J1Z7,AP/04/02/2019-3172,AP/04/02/2019-3173,,A003,0883-6575999,,0,1
L148,KRUPA MEDICAL&GENARAL STORES,DNO:19-5-18,KAMBAL CHERUVU,37,RAJAHMUNDRY,D.SURESH,,,1053/AP/EG/R/2011/R,1053/AP/EG/R/2011/R,,A003,,,0,3
L149,JAI DEVI MEDICAL&GENARAL STORS,OPP:HOTAL LALITHA,NEAR:GOKAVARAM BUS STAND,37,RAJAHMUNDRY,,,,118232,118233,,A003,9866847480,,0,3
L150,SAI MEDICALS (SAI ORTHO),"DNO:12-20-4/1,SAI HOSPITAL",ARYAPURAM,37,RAJAHMUNDRY,M.NAGENDRA,,37AIXPN5948H1ZC,AP/04/02/2014-113729,AP/04/02/2014-113730,,A003,0883-2470033,,0,1
L151,SRI RAMA PHARAMACY,"DNO:25-3-3,KAMBALA CHEROW",JAYAKRISHNAPURAM,37,RAJAHMUNDRY,,,,AP/04/02/2019-2067,AP/04/02/2019-2068,,A003,9441127600,,0,3
L152,SRI DHANVANTHRI AYUR.ST,KAMBAL TANK,,37,RAJAHMUNDRY,,,,272/AP/EG/R/2003/R/R,272/AP/EG/R/2003/R/R,,A003,,,0,2
L153,SRI PAVAN MEDICAL&GENREL ST,KORUKONDA ROAD,DNO:25-9-28,37,RAJAHMUNDRY,M.SRINIVASARAO,,,426/AP/EG/R/2003/R,426/AP/EG/R/2003/R,,A003,,,0,3
L154,SRI KASTURI SURYA MEDICAL STO,ANNAPURNA NURSING HOME,SEETHAMPETA,37,RAJHMUNDRY,,,,115912,115913,,A003,0883-2471249,,0,3
L155,RAMA MEDICALS(BRANCH),SAI HOSPITAL,ARYAPURAM,37,RAJAHMUNDRY,,,37AAMFR9828H1ZI,AP/04/02/2019-1939,AP/04/02/2019-1940,,A003,8523864166,,0,1
L156,AJANTHA MEDICAL STORES,SEETHAM PETA,DNO:17-3-1/1,37,RAJAHMUNDRY,R.V.KIRAN KUMAR,,37AHBPR5757M3ZL,AP/04/02/2016-131321,AP/04/02/2016-131322,,A003,7386445434,,0,1
L157,SRI RAMACHANDRA MEDICALS,SEETAMPETA,DNO:17-1-2/D,37,RAJAHMUNDRY,S.V.B.S GUPTA,,37ADIFS3661G1ZU,107/AP/EG/R/2002/R,107/AP/EG/R/2002/R,,A003,6661807,,0,2
L158,SRI LAKSHMI VEN DURGA MED/G/S,SEETHAMPETA OPP RATNA HOSPITAL,DNO:17-1/26 PEPER MILL RD,37,RAJAHMUNDRY,M.SREEMANARAYANA,,,251/AP/EG/R/2002/R,251/AP/EG/R/2002/R,,A003,8919047871,,0,3
L159,KASI ANNAPURNA MEDICALS,"DNO:12-24-5,ARYAPURAM",NEAR:GOKAVARAM BUS STAND,37,RAJAHMUNDRY,A.LAKSHMI NARAYANA,,37ACFPA5276M1ZC,1105/AP/EG/R/2011/R,1105/AP/EG/R/2011/R,,A003,0883-2460081,,0,1
L160,HIMAJA&TEJA MED STORES,SEETHAMPETA,C/O RATANA CHILDRAN HOSPI,37,RAJAHMUNDRY,,,37AKHPK0688D1Z4,507/AP/EG(R)/2003/R,507/AP/EG(R)/2003/R,,A003,,,0,2
L161,SRI VENKATA GANESH M/G/S,"DNO:12-11-149,ARYAPURAM",A.B NAGESWARARAO ROAD,37,RAJAHMUNDRY,C.H.K SATHIRAJU,,,1172/AP/EG/R/2012/R,1172/AP/EG/R/2012/R,,A003,,,0,3
L162,PRAYAGA MEDICALS,,,37,RAJAHMUNDRY,,,,347/AP/EG/R/2003/R/R,347/AP/EG/R/2003/R/R,,A003,,,0,2
L163,KANKATALA PHARMACY&GEN/STORES,NEAR:BROTERN CHERCH,KORUKONDA ROAD,37,RAJAHMUNDRY,VISHNU,,37BXFPK7472M2ZR,AP/04/02/2021-16663,AP/04/02/2021-16664,,A003,8074971172,,0,2
L164,SRI DATHATREYA PHARMACY,"DNO:26-2-9&10,NEAR:SHADE WOMAN","COLLAGE,JAYAKRISHNA PURAM",37,RAJHMUNDRY,M.SAI BHAGYA LAKSHMI,,37AJHPM3167E1Z6,422/AP/EG/R/2003/RN,422/AP/EG/R/2003/RN,,A003,,,0,1
L166,SRI SATYAGUPTA MED/FAN/G/STORS,K.K.ROAD,OPP:BRETHARAN CHURCH,37,RAJAHMUNDRY,M.V.SUBBARAO GUPTA,,,600/AP/EG/R/2004/R,600/AP/EG/R/2004/R,,A003,9396262369,,0,3
L167,SRI VIJAYARAMA  MEDICAL&GEN/ST,DNO:24-3-18/4,WEAVERS COLONY,37,RAJAHMUNDRY,V.RAMANNA,,,505/AP/EG/R/2003/R,505/AP/EG/R/2003/R,,A003,0883-2441793,,0,3
L168,ROYAL MEDICAL&GEN/STO KKR,"DNO:24-3-1/2,KORUKONDA ROAD",NEAR:BRETHREN CHURCH,37,RAJAHMUNDRY,SHAIK RAHIM,,,5/AP/EG(R)2001/R,5/AP/EG(R)2001/R,,A003,9849608220,,0,3
L169,SRI SATYAVANI M/S(NEW),DNO:22-9-14/1,KORUKONDA ROAD,37,RAJAHMUNDRY,G.NOOKA RAJU,,37AHFPG1718B1ZW,938/AP/EG/R/2009/R,938/AP/EG/R/2009/R,,A003,0883-2476982,,0,2
L170,SIVA GOWRI MEDICALS,DEVI CHOWK,DNO:28-1-41/1,37,RAJAHMUNDRY,B.VINAYAKA RAO,,37ABEFS4397M1ZE,537/AP/EG/R/2003/R DT,537/AP/EG/R/2003/R DT,,A003,0883-2445005,,10800,1
L171,SRI VINAYAKA M/G/S(DC),GANESH CHOWK,"DNO:28-21-19, JAMPETA",37,RAJAHMUNDRY,M.VINAY KUMAR,,,841/AP/EG/R/2008/R,841/AP/EG/R/2008/R,,A003,,,0,3
L172,HEALTH PHARMACY,HEALTH HOSPITALDNO:17-2-7/2,SEETAMPETA NEAR:WATER TAN,37,RAJAHMUNDRY,M LAKSHMI NARAYANA,,,AP/04/02/2013-108272,AP/04/02/2013-108273,,A003,7386423416,,0,3
L173,VIJAYA AYURVEDIC(G.K.B),,,37,RAJAHMUNDRY,,,,,,,A003,,,0,2
L174,SRI SAI TEJA MEDICAL&GENERALS,"DNO:23-11-12/2,L B SRINIVAS ST",C/O SARADA NURSING HOME,37,RAJAHMUNDRY,,,,1047/AP/EG/R/2011/R,1047/AP/EG/R/2011/R,,A003,,,0,3
L175,SATHWIK MEDICALS,C/O KRISHNA VENI NURSHING HOME,SEETAMPETA,37,RAJAHMUNDRY,,,37COIPP8941P1ZV,AP/04/02/2013-102524,AP/04/02/2013-102525,,A003,,,0,2
L176,KEDAR MEDICALS,KORUKONDA ROAD,,37,RAJHMUNDRY,,,37BIEPK2910G1ZJ,107614,107615,,A003,0883-2431198,,0,1
L177,ANJANI MEDICALS,,,37,RAJAHMUNDRY,,,,631/AP/EG/R/2003/R/R,631/AP/EG/R/2003/R/R,,A003,,,0,2
L178,SRI DURGA MEDICAL SHOP,C/O JAYA KIDNY CENTER,NEAR:NEAR KANTE DURGA HOS,37,RAJAHMUNDRY,,,37CMRPM3364G1ZL,AP/04/02/2017-142112,AP/04/02/2017-142113,,A003,9866077473,,0,2
L179,SRI DEVI M/STORES(T.L),TUMMALAAVA,,37,RAJAHMUNDRY,,,,16,16,,A003,,,0,3
L180,RAMA MEDICALS(S.A.I),SAI ORTHOPEDIC DNO:12-11-28,ARYAPURAM,37,RAJAHMUNDRY,M.JANAKI RAMARAO,,37AAMFR9828H1ZI,667/AP/EG/R/2005/R,667/AP/EG/R/2005/R,,A003,,,0,1
L181,SRI SAI SYAMALA M/G/ST(NAGADEV,NEAR NAGA DEVI THEATRE,DNO:21-13-16,37,RAJAHMUNDRY,K.V.V.SATYANARAYANA,,,AP/04/02/2021-17355,AP/04/02/2021-17356,,A003,,,0,3
L182,SRI LATHA MEDICALS(AP),SRI LATHA HOSPITAL,NEAR:GOKAVARAM BUS STAND,37,RAJAHMUNDRY,,,37ABDPA9307L1ZM,458/AP/EG/R/2003/R,458/AP/EG/R/2003/R,,A003,9154135433,,0,2
L183,SURYA TEJA M/S(A.P),GANGINA HOSPITAL DNO:12-21-2,NEAR G.K.BUS STAND,37,RAJAHMUNDRY,D.G.BHASKAR,,37AIWPD5590Q1Z6,678/AP/EG/R/2005/R,678/AP/EG/R/2005/R,,A003,9441859878,,0,2
L184,SRI LATHA PHARMACY(KKR),"DNO:64-37-1,ANJANA ENT",BROTHREN CHURCH,37,RAJAHMUNDRY,B.K.K.LATHA SRI,,,AP/04/02/2013-105744,AP/04/02/2013-105745,,A003,0883-2476008,,0,3
L186,TAPANI MEDICALS,AYRAYAPURAM,TAPANI HOSPITAL,37,RAJAHMUNDRY,N.PARVATHI,,37ANJPN8661J1ZB,1130,1130,,A003,9392915311,,2420,2
L187,APOLLO PHARMACIES LIMITED,DEVI CHOWK,,37,RAJAHMUNDRY,,,37AAPCA5954P1ZQ,17,17,,A003,2446110,,0,1
L189,BHAGYA LAKSHMI MED/G/STORES,K.K ROAD,,37,RAJAHMUNDRY,,,,131543,131544,,A003,9849187545,,0,3
L190,APOLLO PHARMACIES LIMITED,SEETAMPETA,,37,RAJAHMUNDRY,,,37AAPCA5954P1ZQ,124960,124961,,A003,7995072695,,0,1
L191,SAI NAVAJEEVAN GENRIC MED/G/S,KAMBALA CHERVVU,,37,RAJAHMUNDRY,,,37BASPV8770R1Z2,128132,128133,,A003,9493786843,,0,1
L192,AMMAJI MEDICALS(NEW),DEVI CHOWK,DNO:28-1-41/2,37,RAJAHMUNDRY,H.HARI KUMAR,,37AKQPM5502K1ZR,700/AP/EG/R/2005/R,700/AP/EG/R/2005/R,,A003,2425459,,0,2
L193,KR AROGYA PHARMACY,VEERABHADRAPURAM,,37,RAJAHMUNDRY,,,37GDIPK5202H1ZK,AP/04/02/2018-143325,AP/04/02/2018-143326,,A003,8688444281,,0,1
L194,SREE TRADERS,ARYAPURAM,,37,RAJAHMUNDRY,SRI DEVI KOSURI,,37AHHPK9505G1Z7,672,672,,A003,9441793436,,0,2
L195,SRI SATYA MEDICALS,ARYAPURAM,NEAR:AKERA EYE HOSPITAL,37,RAJAHMUNDRY,SATYA NARAYANA,,,AP/04/02/2017-136405,AP/04/02/2017-136406,,A003,9908477217,,0,3
L196,VENKATESWARA MEDICALS (A.P),ARYAPURAM,,37,RAJAHMUNDRY,,,,750/80/EG//R/2006/R,750/80/EG/R/2006/R,,A003,,,0,2
L197,NAGA SATYA MEDICAL&GENARAL STS,SUBBA RAYAPURAM,DNO:17-12-45/1,37,RAJAHMUNDRY,U.SUBBARAO,,,269/AP/EG/R/2002/R,269/AP/EG/R/2002/R,,A003,9440649513,,0,3
L198,NEW ANNAPURNA MEDICALS,SEETHAMPET,,37,RAJAHMUNDRY,,,37ASGPK2601M1ZP,793,793,,A003,0883-2422942,,0,2
L199,JAYA DURGA M/G/S,"DNO:26-1-54,DEVI CHOWK",OPP:A.SETTARAMARAJU JN,37,RAJAHMUNDRY,P.LAKSHMI NARAYANA,,,866/AP/EG/R/2003/R,866/AP/EG/R/2003/R,,A003,,,0,3
L200,APOLLO PHARMACIES LIMITED,KORUKONDA ROAD,,37,RAJAHMUNDRY,,,37AAPCA5954P1ZQ,876/AP/EG/R(2008)R,876/AP/EG/R(2008)R,,A003,9177333921,,0,1
L201,SRI BALAJI MED STORES(J.P),"JAMPETA,JUNCTION",,37,RAJAHMUNDRY,G.V.S.K.PRASAD,,,91/AP/EG/R/2002/R/R,91/AP/EG/R/2002/R/R,,A003,,,0,3
L202,SATYA MEDICAL&GENREL STORES,BY PASS ROAD,GORAKSHNAPETA,37,RAJAHMUNDRY,,,37AVWPV1792P1Z4,607,607,,A003,9676690968,,0,2
L203,LIFE MEDICAL STORES,"DNO:76-1-15,PRAKASH NAGAR",NEAR:RAJU NEURO HOSPITAL,37,RAJAHMUNDRY,,,37AAIFL8257E1Z1,AP/04/02/2020-10596,AP/04/02/2020-10598,,A003,8500009349,,0,1
L204,RATNABALA MEDICAL&GENARAL STOR,"DNO:80-1-27,AVA ROAD,JN ROAD","RAMALAYAM CENTER,",37,RAJAHMUNDRY,P.BALA,,37AGIPP2030K1ZC,912/AP/EG/R/2009/R,912/AP/EG/R/2009/R,,A003,9505252900,,9004,1
L205,ABHI MEDICALS(PN),PRAKASH NAGAR,C/O DR.PRADHA SARDHI GARU,37,RAJAHMUNDRY,,,37AFHPR3851G1Z7,732/AP/EG(R)2006/R,732/AP/EG(R)2006/R,,A003,2476887,,0,1
L206,SRI AARADHYA PHARMACY,GANDHI PURAM,RJY ORTHOPETIC HOSPATAL,37,RAJAHMUNDRY,K.KUMAR YASWANT,,37BWKPK8005N1Z0,124037,124038,,A003,0883-2468110,,0,1
L207,SRI TIRUMALA MEDICAL ST(DVP),DANAVAIPET,DNO:46-15-21,37,RAJAHMUNDRY,S.S.V.PRASAD,,,220/AP/EG/R/2002/R,220/AP/EG/R/2002/R,,A003,0883,,0,3
L208,SRI SAMATHA MEDICALS,DANAVAIPETA,POSTAL COLONY,37,RAJAHMUNDRY,,,37ATOPC4117H1ZR,1154/AP/EG/R/2012/R,1154/AP/EG/R/2012/R,,A003,,,0,2
L209,KARTHIKAYA PHARMACY,C/O VARUN GASTRO HOSPITAL,NEAR:PANDU RANGA SWAMY TL,37,RAJAHMUNDRY,,,,AP/04/02/2017-140108,AP/04/02/2017-140109,,A003,0883-2444441,,0,3
L210,HAPPY MEDICALS,DANAVAIPETA,DNO:46-12-10,37,RAJAHMUNDRY,MD.ALI,,37AIRPM2840F2Z1,274/AP/EG(R)97/R/R,274/AP/EG(R)97/R/R,,A003,0883-2476905,,0,2
L211,G V L PHARMACY,"DNO:46-18-8/2,              '",DANAVAIPETA,37,RAJAHMUNDRY,VARALAKSHMI.G,,37AJLPG1360R2ZP,AP/04/02/2019-448,AP/04/02/2019-449,,A003,7947399276,,0,1
L212,AMAR DRUGS,DANAVAIPETA,DNO:46-7-42,37,RAJAHMUNDRY,T.MANAVALLA SWAMY,,37ADAPT9132F1ZG,490/AP/EG/R/2003/R,490/AP/EG/R/2003/R,,A003,,,0,1
L213,PUSHPA MEDICALS,DANAVAIPET,DNO:46-7-14,37,RAJAHMUNDRY,G.UMA MAHESWARARAO,,37AABFP5340H1ZC,482/AP/EG/R/2003/R,482/AP/EG/R/2003/R,,A003,0883-2444079,,0,1
L214,BHARGAV MEDICALS,DANAVAIPETA,DNO:46-17-44,37,RAJAHMUNDRY,K.SUJANI,,37AJDPK0277B1ZL,711/AP/EG/R/2006/R,711/AP/EG/R/2006/R,,A003,8121409021,,0,2
L215,SREYA MEDICALS,DANAVAIPETA,DNO:46-12-19,37,RAJAHMUNDRY,A.KALYANA SANGAVI,,37AFTPA3861R1ZN,659/AP/EG/R/2005/R,659/AP/EG/R/2005/R,,A003,0883-2437979,,0,1
L216,BHARATH MEDICALS,"DNO:86-14-1,VADREVU NAGAR",C/O BHARATH CHEST CARE,37,RAJAHMUNDRY,RADHIKA GUDURI,,37ADUPG0289L1ZW,848,848,,A003,0883-2438833,,0,1
L217,LAKSHMI PHARMACY (DVP),,,37,RAJAHMUNDRY,,,,768,768,,A003,9248070222,,0,3
L218,AADIT PHARMACY (DVP),DANVAIPETA,,37,RAJAHMUNDRY,9959228080,,,118214,118215,,A003,0883-6558080,,0,3
L219,V.S.M.MEDICALS,"AVA ROAD, DNO:80-18-12",WHIGHT HOUSE,37,RAJAHMUNDRY,,,,14/AP/EG/R/2003/WR,14/AP/EG/R/2003/WR,,A003,,,15692,3
L220,APOLLO PHARMACIES LIMITED,OPP;GAIL OFFICE,DANVAIPETA,37,RAJAHMUNDRY,,,37AAPCA5954P1ZQ,258/AP/EG(R)2002/R,258/AP/EG(R)2002/R,,A003,2438005,,0,1
L221,S.V.V.SATYANARAYANA MED/G/STOS,"GOWTAM KIDNY CENTER,TILAK ROAD",C/O VIJYA BHARTHY CHEST H,37,RAJAHMUNDRY,,,,AP/04/02/2020-12932,AP/04/02/2020-12933,,A003,7032310859,,0,3
L222,GAHAN'S MEDICAL CENTRE,"DNO:46-22-13,B/3",DANVAIPETA,37,RAJAHMUNDRY,SWAMY,,37DHZPM0169R1Z3,803/AP/EG/R/2007/R,803/AP/EG/R/2007/R,,A003,0883-2441313,,0,1
L223,COASTAL MEDICALS,DANAVAIPETA,DNO:42-22-18,37,RAJAHMUNDRY,DR K.SRINIVAS M.D.D.M,,37AAKHB9701P1ZR,970/AP/EG/R/2010/R,970/AP/EG/R/2010/R,,A003,0883-2426699,,4818,1
L224,PADMA MEDICAL&GENERAL STORES,RAJANDRANAGAR,DNO:53-4-4; MASJED ROAD,37,RAJAHMUNDRY,PHANIDRA,,,808/AP/EG/R/2007/R,808/AP/EG/R/2007/R,,A003,9704667379,,0,3
L225,NIKYTHA MEDICALS,"DNO:79-17-12,OPP:BABA TAMPLE",TILAK ROAD,37,RAJAHMUNDRY,K.VENKATA PRASAD RAO,,37BQWPK5679Q1ZC,AP/04/02/2019-1639,AP/04/02/2019-1640,,A003,9701410304,,0,1
L226,SRI LAKSHMI NARASIMHA M/G/S(GP,"DNO:46-16-1/1,GORAKSHNAPETA",DANVAIPETA,37,RAJAHMUNDRY,M.V.PHANIDHAR,,,847/AP/EG/R/2008/R DT,847/AP/EG/R/2008/R DT,,A003,,,0,3
L227,PADMA SAI MED&GEN/STORES,DAVAIPETA,DNO:46-22-13/C,37,RAJAHMUNDRY,0883-2441519,,,1109,1109,,A003,9866322945,,0,3
L228,VENKATA SAI M/G/ST(AVP ROAD),A.V.APPARAO ROAD,DNO:54-6-7,37,RAJAHMUNDRY,NARASHMHARAO,,37APVPK7257F2Z8,858/AP/EG/R/2008/R DT,858/AP/EG/R/2008/R DT,,A003,0883-2422435,,3196,1
L229,RADHA MEDICALS,PRAKASH NAGAR,DNO:75-6-28,37,RAJAHMUNDRY,Y.R.RAO,,37AGRPR0809F1Z5,860/AP/EG/R/2008/R,860/AP/EG/R/2008/R,,A003,7386723435;,,0,2
L230,REVATHI MEDICALS,PRAKASH NAGAR JN,"DNO:75-6-43,NEAR:MANASA H",37,RAJAHMUNDRY,M.VENKATESWARA RAO,,37AGZPV4018N2ZA,528/AP/EG/R/2003/R,528/AP/EG/R/2003/R,,A003,0883-2468302,,0,1
L231,SRI RAMA MEDICALS(PN),PRAKASH NAGAR,DNO:75-6-42,37,RAJAHMUNDRY,G.SUBBARAO,,37AAUFS6970K1Z5,558/AP/EG/R/2003/R,558/AP/EG/R/2003/R,,A003,0883-2467053,,0,2
L232,SRI SANTHOSHI MEDICALS,PRAKASH NAGAR,DNO:75-7-3,37,RAJAHMUNDRY,A.LAKSHMI NARAYANA,,37AEBPA4074M1ZI,9/AP/EG/R/2002/NH/R,9/AP/EG/R/2002/NH/R,,A003,,,0,2
L233,SRI VAKULA BABY&CHILD PHARMACY,DANAVAIPETA,DNO:46-22-18/1,37,RAJAHMUNDRY,K.JAGADESH KUMAR,,,1106/AP/EG/R/2011/R,1106/AP/EG/R/2011/R,,A003,0883-2467979,,0,3
L234,RAMA DEVI MEDICALS,DNO:76-5-20,GANDHI PURAM,37,RAJAHMUNDRY,CH.RAMADEVI,,37BQQPC8140N1ZA,AP/04/02/2018-148847,AP/04/02/2018-148848,,A003,,,0,1
L235,RAJU MEDICALS(P.N),GANDHIPURAM,DNO:76-4-7,37,RAJAHMUNDRY,K.V.R.R.MURTHY,,37AGPPK8989D1ZL,2/AP/EG/R/2001/R/NHDT,2/AP/EG/R/2001/R/NHDT,,A003,0883-6575008,,0,1
L236,SUDHA M/G/S,PRAKASH NAGAR,C/O SURYA HOSPITAL,37,RAJAHMUNDRY,CH.ANURADHA,,37ADFFS6846J1ZH,519/AP/EG/R/2003/R,519/AP/EG/R/2003/R,,A003,0883-2438222,,0,1
L237,PRANAVA MEDICALS,"DNO:76-1-21,DANVAIPETA,GREENPK",C/O DR NEKKANTI RAVI,37,RAJAHMUNDRY,,,37AOYPG9346R1ZL,AP/04/02/2019-151032,AP/04/02/2019-151033,,A003,0883-2430444,,0,2
L238,VIJAYA PHARMACY,"C/O VIJAYA HOSPITAL,DHANVAIPET",NEAR:UHODHYA ENT HOSPITAL,37,RAJAHMUNDRY,,,37AASFV7470K1Z7,AP/04/02/2020-9295,AP/04/02/2020-9296,,A003,9502899572,,0,1
L239,ANDHRAA MEDICAL CENTER,"DNO:46-22-19,DANVAIPETA",OPP:PHENDRA SCANING CENTR,37,RAJAHMUNDRY,CH.SRINIVASU,,,AP/04/02/2018-145401,AP/04/02/2018-145402,,A003,9032123452,,0,3
L240,GANGOTHRI M/S,PRAKASAH NAGAR,"DNO:75-1-12,GOWTHAMI HOSL",37,RAJAHMUNDRY,Y.GOPI,,37ABNPY6519N1ZK,AP/04/02/2013-103088,AP/04/02/2013-103089,,A003,9912106455,,15984,2
L241,NIRANJANI PHARMACY,"DNO:47-4-7,RADHIKA MANI COM",OPP:RAITHU BAZAR,37,RAJAHMUNDRY,,,,AP/04/02/2018-144112,AP/04/02/2018-144113,,A003,9885299344,,0,3
L242,HARSHA MEDICALS(PRAKASH NAGAR),C/O HARSHA HOSPITAL,DNO:75-1-7,37,RAJAHMUNDRY,U.RAMAKRISHNA,,37AAKPU1591Q1ZP,AP/04/02/2018-149662,AP/04/02/2018-149663,,A003,,,17040,1
L243,SRINIVASA MEDICALS(PN),PRAKASH NAGAR,,37,RAJAHMUNDRY,,,,1018/AP/EG/R/2003/R/R,1018/AP/EG/R/2003/R/R,,A003,,,0,1
L244,SRIMURE MEDICALS,SRI HARI SKIN HOSPITAL,DHANVAIPETA DNO:46-23-16,37,RAJAHMUNDRY,M.VIJYA LAKSHMI,,37DDVPM0754C1ZB,AP/04/02/2017-137443,AP/04/02/2017-137444,,A003,,,0,1
L245,APOLLO PHARMACIES LIMITED,SYAMALANAR,,37,RAJAHMUNDRY,,,37AAPCA5954P1ZQ,927,927,,A003,9177333937,,0,1
L246,SIVAJI PHARMACY,A.V.A ROAD,"DNO:80-10-27,RAMALAYAM CT",37,RAJAHMUNDRY,P.BALA,,37ABSFS1953P1Z6,912/AP/EG/R/2009/R DT,912/AP/EG/R/2009/R DT,,A003,0883-2433622,,0,1
L247,KANAKA DURGA MED/GEN/STORES,"DNO:76-15-01/1,GROUND FLOOR",GORAKSHNAPETA,37,RAJAHMUNDRY,H.NAGA LAKSHMI,,,AP/04/02/2020-9293,AP/04/02/2020-9294,,A003,6309123377,,0,3
L248,SRI VENKATA LAKSHMI MEDICALS,V.L.PURAM,C/O CHAKARADHARA HOSPITAL,37,RAJAHMUNDRY,,,37AFVPA9566M1ZH,AP/04/02/2018-145181,AP/04/02/2018-145182,,A003,9912561643,,10570,1
L249,DIA PHARMA,"DNO:74-11-11,5MUKA ANJANEYA SW","AMY TAMPLE,PRAKASH NAGAR",37,RAJAHMUNDRY,,,,AP/04/02/2015-125646,AP/04/02/2015-125647,,A003,9908991881,,0,3
L250,ANANDAMAI PHARMACY,C/O ANANADAMAI HOSPITAL,"DNO:78/8-7,SYAMALA NAGAR",37,RAJAHMUNDRY,N.DEEPTHI DEVI,,,AP/04/02/2015-121518,AP/04/02/2015-121519,,A003,9491350667,,0,3
L251,SWETHA MEDICALS,"DNO:46-13-11,",DHANVAIPETA,37,RAJAHMUNDRY,,,,800/EG/R/2007,800/EG/R/2007,,A003,8106201333,,0,3
L252,SRI LAKSHMI VENKATESWARA M/S,GANDHI PURAM,,37,RAJAHMUNDRY,,,,4219/AP/EG/R/2003/R/R,4219/AP/EG/R/2003/R/R,,A003,,,0,2
L253,APOLLO PHARMACIES LIMITED,"DNO:85-6-28,V.L.PURAM",OPP:VINAYAKA TEMPLE,37,RAJAHMUNDRY,,,37AAPCA5954P1ZQ,AP/04/02/2016-134922,AP/04/02/2016-134923,,A003,7995072700,,0,1
L254,SRI HASITHA MEDICALS,"DNO:75-6-16,PRAKASH NAGAR",SRI HASITHA GASTRO HOSPIL,37,RAJAHMUNDRY,E.UMAKANTH,,37AAJPE5352J1ZL,929/AP/EG/R/2009/R,929/AP/EG/R/2009/R,,A003,9246650446,,0,2
L255,SRI PRASANTHI MEDICAL&GEN STO,SASTRY GARI STREET,SYAMALA NAGAR,37,RAJAHMUNDRY,M.VENKATESWARARAO,,,511/AP/EG/R/2003/R/DT,511/AP/EG/R/2003/R/DT,,A003,6954989(449834)R,,0,3
L256,SRI LAKSHMI GANAPATHI M/G/S(PN,PRAKASH NAGAR,DNO:75-3-1 OPP:ANDHARABAK,37,RAJAHMUNDRY,CHALAPATHI.K,,37AECPK6218E1ZQ,1/AP/EG/R/2002/X/R,207/AP/EG/R/2002/R,,A003,2430555,,0,1
L257,RAJA RAJESWARI MEDICAL&GEN STS,STATE BANK COLANY,DNO:78-4-51,37,RAJAHMUNDRY,N.BALAKRISHNA,,,3/AP/EG/R/2001/R,3/AP/EG/R/2001/R,,A003,,,0,3
L258,SRI LAKSHMI SRINIVASA M/S(K.N),A.K.C.COLLEGE ROAD,DNO:80-1-26,37,RAJAHMUDNRY,O.SRINIVAS,,,294/AP/EG/R/2003/R/R,294/AP/EG/R/2003/R/R,,A003,9959535346,,0,3
L259,NIRISH PHARMACY,DHANAVAIPETA,,37,RAJAHMUNDRY,,,,135280,135281,,A003,9989257322,,0,3
L260,SRI ARJUNA MED/G/STORES,A.V.APPA RAO ROAD,DNO:74-12-2,37,RAJAHMUNDRY,M.SRINIVASARAO,,37AINPM2647J1ZS,489/AP/EG(R)2003/R,489/AP/EG(R)2003/R,,A003,9396346557,,0,1
L261,SRI SAI VENKATA M/G/STORES,"A.V.APPARAO ROAD,OPP:WHITE HOS",DNO:73-13-3,37,RAJAHMUNDRY,A.MURALI,,,1000/AP/EG/R/2010/R,1000/AP/EG/R/2010/R,,A003,9966283007,,0,3
L262,APOLLO PHARMACIES LIMITED,J.N.ROAD,,37,RAJAHMUNDRY,,,37AAPCA5954P1ZQ,258,258,,A003,0883-2467111,,0,1
L263,SREE ABHAYA MEDICALS,TILAK ROAD,,37,RAJAHMUNDRY,,,37ABGPR2230N1ZE,7,7,,A003,,,0,1
L264,MARUTHI M/G/STORES,DNO:52-5-3/1,RAJENDRA NAGAR,37,RAJAHMUNDRY,V.RAVI KUMAR,,,6/AP/EG/R/2001/R,6/AP/EG/R/2001/R,,A003,,,0,3
L265,SRI SRINIVASA M/S,PRAKASH NAGAR,NAVEEN HOSPITAL,37,RAJAHMUNDRY,,,37ALVPV8462D1Z9,1018/AP/EG/R/2010/R,1018/AP/EG/R/2010/R,,A003,,,0,1
L266,SUSHRUTH MEDICALS,"DNO:76-4-23,R.S.NUREO HOSPITAL","GANDHI PURAM-2,MEDURI ST",37,RAJAHMUNDRY,,,37BBYPK3779E1ZX,AP/04/02/2016-133886,AP/04/02/2016-133887,,A003,9182773072,,0,2
L267,SIVA MEDICALS,DNO:86-8-6 TILAK ROAD,NEAR:BABA TAMPLE,37,RAJAHMUNDRY,P.RAMESH,,37ADMFS6731K1ZG,AP/04/02/2018-145165,AP/04/02/2018-145166,,A003,9849213554,,11434,2
L268,SRI SANJEEVINI M/G/ST(BYPASS),BY PASS ROAD OPP CHURCH,SHOP NO:1&2,37,RAJAHMUNDRY,CH.DURGA PRASAD,,37AUDPC7550N2ZB,1027/AP/EG/R/2010/R,1027/AP/EG/R/2010/R,,A003,9666433109,,0,2
L269,MEDICINES PLAZA,PRAKASH NAGAR,DNO:75-6-06,37,RAJAHMUNDRY,K.MALATHY,,,989/AP/EG/R/2010/R,989/AP/EG/R/2010/R,,A003,,,0,3
L270,SRI NAGIREDDY M/S,DHANVAIPETA,,37,RAJAHMUNDRY,,,37ADTPN9643E1ZX,979/AP/EG/R/2010/R,979/AP/EG/R/2010/R,,A003,0883-2445777,,0,1
L271,SRI RAGHU MEDICALS,TILAK ROAD,DNO:79-2-1/1,37,RAJAHMUNDRY,K.SRINIVASA BABU,,37AECPK6185J1Z5,493/AP/EG/R/2003/R DT,493/AP/EG/R/2003/R,,A003,9849100521,,0,2
L272,KAMAKSHI M/G/S,V.L.PURAM,DNO:86-20-6/2,37,RAJAHMUNDRY,T.CHANDRA MOULI NARASIMHARAO,,37AEUPT4914N1ZH,523/AP/EG/R/2003/R,523/AP/EG/R/2003/R,,A003,0883-2462275,,0,2
L273,JAI SAI RISHITH MEDICALS,C/O CHANDRAKALA SUPER SPECIALY,"NEAR:SBI DANVAIPETA,",37,RAJAHMUNDRY,,,37AFCPP4383A1ZL,1163/AP/EG/R/2012/R,1163/AP/EG/R/2012/R,,A003,9705818498,,0,2
L274,ABHI MEDICAL&GEN STORES(GRP),GORAKSHNAPETA,DNO:45-34-13,37,RAJAHMUNDRY,Y.K.K.D.V.PRASAD,,37ABQPY2488P1Z9,1029/AP/EG/R/2010/R,1029/AP/EG/R/2010/R,,A003,,,0,2
L275,SRI RAGAVA MEDICALS,C/O RAGAVA DIABETIC HOSPITAL,NEAR:ANAND SWEETS,37,RAJAHMUNDRY,,,,AP/04/02/2018-148742,AP/04/02/2018-148743,,A003,8341933129,,0,3
L276,SRI SRINIVASA M/G/S(MORUMPUDI),MORUMPUDI JUNCTION,DNO:89-17-50/2,37,RAJAHMUNDRY,RAJESH,,37BFWPS9213M1ZD,94/AP/EG/R/2002/R/R,94/AP/EG/R/2002/R/R,,A003,9849521487,,0,2
L277,PRADEEP MEDICAL STORES,DANAVAIPETA,DNO:46-9-52,37,RAJAHMUNDRY,,,37ASMPM4157G1ZF,1134/AP/EG/R/2012/R,1134/AP/EG/R/2012/R,,A003,8179312649,,0,1
L278,LAKSHMI PRASANA PHARAMACY,"PRAKASH NAGAR,NEAR ANAND","SWEETS,OPP:VIJYA BANK",37,RAJAHMUNDRY,,,,AP/04/02/6205,AP/04/02/6206,,A003,9553177771,,0,3
L279,RACHANA MEDICALS,"DNO:79-8-1,",OLD SYAMALAMMA TAMPLE ROD,37,RAJAHMUNDRY,P.BHANU MATHI,,37BKWPP4833R1ZV,AP/04/02/2013-102055,AP/04/02/2013-102056,,A003,,,0,1
L280,SRI LAKSHMI GANESH M/G/S,SWAMY THEATRE CENTRE,,37,RAJAHMUNDRY,,,,1,1,,A003,,,0,2
L281,USHA MEDICALS,DANAVAIPETA,,37,RAJAHMUNDRY,,,37AQBPG2572J1ZU,105772,105773,,A003,,,0,1
L282,SUMA MEGHANA MEDICALS,C/O:ADARSH HOSPITAL,"DNO:86-26-5, VLPURAM",37,RAJAHMUNDRY,,,37AACHT6063L1Z0,838/AP/EG/R/2008/R,838/AP/EG/R/2008/R,,A003,9395591305,,0,1
L283,KIFY PHARMACY,DANAVAIPETA,C/O KIFY HOSPITAL,37,RAJAHMUNDRY,G.SRI RAMACHADRA RAO,,37AAMHK6641M1ZL,AP/04/02/2013-110537,AP/04/02/2013-110538,,A003,8500523456,,0,1
L284,SURYA PHARMACY,C/O BASKARA ENT HOSPITAL,"DANVAIPETA,OPP:PARKGATE O",37,RAJAHMUNDRY,,,,AP/04/02/2018-145092,AP/04/02/2018-145093,,A003,0883-2477877,,0,3
L285,RITHIKA PHARMACY,DNO:17-16/2,SRINIVASA NAGAR,37,RAJAHMUNDRY,G.PAPARAO,,37AFEPG5583K1Z3,AP/04/02/2013-110364,AP/04/02/2013-110365,,A003,2462899,,0,2
L286,JYOTHI PHARMACY,C/O RAJU NEURO HOSPITAL,GANDHI PURAM,37,RAJAHMUNDRY,,,37AOIPA4767L1ZK,AP/04/02/2018-147117,AP/04/02/2018-147118,,A003,,,0,2
L287,ANJAN MEDICALS(DVP),DANAVAIPETA,C/O RAMACHNDRA HOSPITAL,37,RAJAHMUDRY,N.VASUNDHARA,,37AQDPN3789Q1ZU,AP/04/02/2013-110470,AP/04/02/2013-110471,,A003,7799486660,,3897,1
L288,APOLLO PHARMACIES LIMITED,A.V.P.ROAD,,37,RAJAHMUNDRY,,,37AAPCA5954P1ZQ,111290,111291,,A003,2466610,,0,1
L289,BHARATHI MEDICALS,PRAKASH NAGAR,,37,RAJAHMUNDRY,,,,697,697,,A003,,,0,3
L290,SRI SURYA LAKSHMI GANAPATHY MA,GORAKSHNAPETA,,37,RAJAHMUNDRY,,,37FRZPS6750L1ZF,119276,119277,,A003,9912298629,,0,1
L291,MALLI MEDICALS,DNO:46-18-25/2,DANAVAIPETA,37,RAJAHMUNDRY,,,37AGJPC0979M1ZY,AP/04/02/2017-137910,AP/04/02/2017-137911,,A003,7989874267,,0,2
L292,EASWARA PHARMACY,DNO:46-7-23,DANAVAIPETA,37,RAJAHMUNDRY,Y.PRIYADARSHINI,,37ABUPY5784A1ZV,655/AP/EG/R/2005/R,655/AP/EG/R/2005/R,,A003,0883 2444666,,0,2
L293,SRI LAKSHMI DURGA MED/G/STORES,BAPUCHI NAGAR,DNO:7-29,37,MORUMPUDI,B.RAMESH,,,623/AP/EG/R/2004/R,623/AP/EG/R/2004/R,,A003,,,0,3
L294,AMOGHA MEDICALS,"DNO:46-11-15,DANAVAIPETA",ROHI SKIN&ORTHO CARE,37,RAJAHMUNDRY,V.PRAMEELA BAI,,,AP/04/02/2019-3846,AP/04/02/2019-3847,,A003,9390826249,,0,3
L295,DAMODAR MED/GEN/STORES(RTC),BESIDE:RTC COMPLEX,DNO:78-3-7B,37,RAJAHMUNDRY,M.KRISHNA,,37AOKPM7097R1ZP,521/AP/EG/R/2003/R,521/AP/EG/R/2003/R,,A003,9397887372,,0,1
L296,KRISHNA INSTITUTE MEDICAL SCIN,DNO:77-7-7 KATARI GARDENS,A UNITOF KIMS LTD,37,RAJAHMUNDRY,PRASAD,,37AACCK2540G3ZQ,915/AP/EG/R/2009/R,915/AP/EG/R/2009/R,,A003,9505502156,,0,1
L297,OMKAR STORES,NEAR:RAJU NURUO,DANVAIPETA,37,RAJAHMUNDRY,SUDHAKAR,,,AP/04/02/2017-141942,AP/04/02/2017-141943,,A003,9246656660,,0,3
L298,PRABHAKAR MEDICALS DVP,DANAVAIPETA,RAJAHMUNDRY,37,RAJAHMUNDRY,,,37BFUPP9788L1ZW,116753,116754,,A003,2446078 2446079,,0,1
L299,PRAGATI MEDICALS,,,37,RAJAHMUNDRY,,,37AASHS0468L1ZC,654,654,,A003,8179078293,,0,1
L302,VIJAYALAKSHMI M/S(APSARA TH),DNO:30-16-45,SYAMALAMBA TEMPLE,37,RAJAHMUNDRY,K.NAGESWARARAO,,37ARQPK2346G1ZK,520/AP/EG/R/2003,520/AP/EG/R/2003,,A003,,,0,1
L303,MAMATHA MEDICAL&GENARAL STORES,"DNO:10-15-2, FORTGATE",OPP:AJANTA HOTAL,37,RAJAHMUNDRY,P.SUNDARARAO,,37HRUPS2204C1ZK,529/AP/EG/R/2003/R,529/AP/EG/R/2003/R,,A003,,,0,1
L304,APOLLO PHARMACIES LIMITED,"MAIN ROAD,BESIDE:SYAMALA THEAR","DNO:5-5-75/2,INNSPETA",37,RAJAHMUNDRY,,,37AAPCA5954P1ZQ,21/AP/EG/R/2006/W/R,21/AP/EG/R/2006/W/R,,A003,0883-2438007,,0,1
L305,SRI RAMESH MEDICAL&GEN STORES,NEAR:RAILWAY ST,,37,RAJAHMUNDRY,J.SURYA,,,AP/04/02/2018-144331,AP/04/02/2018-144332,,A003,9985988899,,0,3
L306,MAHA LAKSHMI MEDICALS,FORT GATE,MAIN ROAD,37,RAJAHMUNDRY,S.KUMAR,,37CORPG1673L1ZC,835/AP/EG/R/2008/R,835/AP/EG/R/2008/R,,A003,0883-2471012,,0,1
L307,SHANMUKH SURYA MED/GEN/STORES,DNO:35-1-49,OPP:ANNAPURANA THEATER,37,RAJAHMUNDRY,M.SRIMANARAYANA,,,AP/04/02/2017-138356,AP/04/02/2017-138357,,A003,8008286525,,0,3
L308,THE MEDICAL EMPORIUM,MAIN ROAD,DNO;10-15-33,37,RAJAHMUNDRY,ARJUN,,37AHWPK3270F1Z0,4/AP/EG/R/2003/R/R,4/AP/EG/R/2003/R/R,,A003,0883-6663414,,0,1
L309,SRI BHASKARA AYURVEDA NILAYAM,"DNO:34-6-3,MANGALAVARAPU PETA",NEAR:URVASI THEATER,37,RAJAHMUNDRY,     SURYANARAYANA MURTHY,,,,,,A003,,,0,3
L310,SRI TIRUMALA M/G/ST(INNS),INNESPETA,MAIN ROAD,37,RAJAHMUNDRY,P.M.V.PRASAD REDDY,,37BAUPB8506M1Z4,901/AP/EG/R/2009/R,901/AP/EG/R/2009/R,,A003,9704288165,,0,2
L311,VIJAYA MEDICAL STORES,MAIN ROAD,,37,RAJAHMUNDRY,G.KAMESWARARAO,,37AKJPG4733D1ZC,164/AP/EG/R/2003/R/R,164/AP/EG/R/2003/R/R,,A003,9032230501,,0,2
L312,THE SUN PHARMACY,"DNO:10-15-1/1H,FORT GATE","MAINROAD,NEAR,GANDI BOAMM",37,RAJAHMUNDRY,T.P.V.KRISHNA PRASAD,,,AP/04/02/2021-17207,AP/04/02/2021-17208,,A003,9396333399,,0,3
L313,SINDHU MEDICALS,"DNO:36-21-20,SORAPALLI VARI ST",INNISPETA,37,RAJAHMUNDRY,V.PARIMALA KUMARI,,37ARXPV1247J1ZX,834/AP/EG/R/2007/R,834/AP/EG/R/2007/R,,A003,9246632815,,0,1
L314,VIJAYALAKSHMI M/FANCY,DNO:3-289/1,"RING ROAD,SATELLITE CITY",37,NAMAVARAM,V.MEENAKSHI,,,968/AP/EG/R/2010/R,968/AP/EG/R/2010/R,,A003,,,0,3
L315,NEW USHASRI MED/G/STORES,MAIN ROAD,"DNO:6-5-83,DELUXE CENTER",37,RAJAHMUNDRY,M.SRINIVAS,,,934/AP/EG/R/2009/R,934/AP/EG/R/2009/R,,A003,,,0,3
L316,SRI JAYALAKSHMI M/G/ST(URVASI),,,37,RAJAHMUNDRY,,,,698,698,,A003,,,0,3
L317,VISWANADHA PHARMACY,VISWANADHA EYE HOSPITAL,,37,RAJAHMUNDRY,,,37AEPPS2526G1Z6,978,978,,A003,,,0,2
L318,SRI KOSURI MEDICAL STORES,MAIN ROAD,DNO:8-24-88,37,RAJAHMUNDRY,G.RAJA SEKHAR,,,98/AP/EG/R/2002/R,98/AP/EG/R/2003/R/R,,A003,,,0,3
L319,SARASWATHI MEDICAL STORES,MAIN ROAD,KAMBHAMVARI CHOWTARY,37,RAJAHMUNDRY,S.RAMA CHANDRARAO,,37AREPS5969D1ZB,447/AP/EG/R/2003/R,447/AP/EG/R/2003/R,,A003,,,0,2
L320,SRI SRINIVASA MEDICALS,C/O SRI SRINIVASA SKIN HOSPITL,"NEAR:SIVALAYAM ST,T-NAGAR",37,RAJAHMUNDRY,,,37BEQPP0881M2ZN,135312,135313,,A003,9553377194,,0,2
L321,SRI SAI MEDICAL & GEN STORES,ULLITOTA STREET,DNO:8-19-7/1,37,RAJAHMUNDRY,K.SATYANARAYANA,,37ANWPK3119K1ZG,23/AP/EG/R/2002/R,23/AP/EG/R/2002/R,,A003,8247809888,,0,1
L322,APOLLO PHARMACIES LIMITED,OPP:APSARA THEATER,,37,RAJAHMUNDRY,,,37AAPCA5954P1ZQ,1005,1005,,A003,2438007,,0,1
L323,THONTEPU MED/FAN/STORES,MANGALAVARAPUPETA,"DNO:31-7-39A,",37,RAJAHMUNDRY,T.D.VENKATESWARARAO,,,1023/AP/EG/R/2010/R,1023/AP/EG/R/2010/R,,A003,9866736799,,0,3
L324,"DATTATREYA &CO,",KUMARI TALKIES ROAD,,37,RAJAHMUNDRY,DR.G.KALYAN SARMA,,,,,,A003,,,0,2
L325,CHAKRAVARTHY MEDICAL STORES,"DNO:8-24-87,",MAINROAD,37,RAJAHMUNDRY,P.RUDRAYYA,,,1076/AP/EG/R/2011/R,1076/AP/EG/R/2011/R,,A003,9493337563,,0,3
L326,TRIVENI MEDICALS,INNISPETA,,37,RAJAHMUNDRY,VEERRAJU,,,96/AP/EG/R/2003/R/R,96/AP/EG/R/2003/R/R,,A003,,,0,2
L327,SRI RAMYA MEDICALS,INNISPETA,,37,RAJAHMUNDRY,SRIKANTH,,,31/AP/EG/R/2003/R/R,31/AP/EG/R/2003/R/R,,A003,,,0,3
L328,SRI LAKSHMI M/STORES(APSARATH),NEAR:GEETA APSARA THEATRE ROAD,,37,RAJAHMUNDRY,N.NAGARJUNA REDDY,,37AFQPN3123C1ZL,994/AP/EG/R/2010/R,994/AP/EG/R/2010/R,,A003,,,0,2
L329,SRI DATTA PHARMA AGENCIES.,MAIN ROAD,,37,RAJAHMUNDRY,,,,,,,A003,,,0,3
L330,SATYA SURGICALS&M/S,RANGREEZPETA,,37,RAJAHMUNDRY,,,,384,384,,A003,,,0,1
L331,SIRI MEDICALS (INNISPETA),SIRI HOSPITAL,BYPASS ROAD,37,RAJAHMUNDRY,,,,962/AP/EG/R/2009/R,962/AP/EG/R/2009/R,,A003,,,0,3
L332,NEELA JEAR PHARMCY,"BY PASS ROAD,THADI THOTA",DNO:45-22-6,37,RAJAHMUNDRY,P.SUNITHA,,37ANAPA4512G1ZM,1064/AP/EG/R/2011/R,1064/AP/EG/R/2011/R,,A003,,,0,1
L333,YERUKONDA FANCY STORES,MAIN ROAD,FORT GATE,37,RAJHAMUNDRY,MAHESH,,37AAAFY4592M1ZH,15/AP/EG/2003/HR,15/AP/EG/2003/HR,,A003,9848253440,,0,1
L334,SRI VASAVI M/G/STORES,MAIN ROAD,DNO:10-15-36,37,RAJAHMUNDRY,K.VEERAJU KUMAR,,37AOAPK1569A1ZB,843/AP/EG/R/2008/R,843/AP/EG/R/2008/R,,A003,9848473113,,0,2
L335,SRI SEETARAMA M/G/S(M.R),MAIN ROAD,DNO:35-1-84,37,RAJAHMUNDRY,M.RAMAKUMARI,,37BAMPM0868D1ZJ,504/AP/EG/R/2003/R,504/AP/EG/R/2003/R,,A003,9849517131,,0,2
L336,SRI RAJESWARI MED STORES,DNO:6-5-3/1,DELUX CENTER,37,RAJAHMUNDRY,SATYANARAYANA,,,222/AP/EG/R/2003/R,222/AP/EG/R/2003/R,,A003,465026,,0,3
L337,RAVI MEDICAL & GEN STORES,INNISPETA,DNO:6-5-15,37,RAJAHMUNDRY,M.RAVI PRAKASH,,37AFIPM7102C1ZR,410/AP/EG(R)2003/R,410/AP/EG(R)2003/R,,A003,,,0,1
L338,RAJA MEDICALS,INNISPETA,,37,RAJAHMUNDRY,,,,1078,1078,,A003,,,0,3
L339,ANITHA MEDICALS,"URAM VARI STREET,DNO:2-27-2",ALLCOT GARDENCE,37,RAJAHMUNDRY,,,37ABEFA6935D1ZJ,AP/04/02/2013-110654,AP/04/02/2013-110655,,A003,,,0,2
L340,VISHNU PRIYA M/G/STORES(A.C),NEAR RAILWAY STATION,"MAIN ROAD,DNO:2-40-127/1",37,RAJAHMUNDRY,B.V.V.SATYANARAYANA,,37FURPS8725L1ZE,1063/AP/EG/R/2011/R,1063/AP/EG/R/2011/R,,A003,,,0,2
L341,DASARI MEDICAL&GENARAL/STORES,OPP:BHARAT BOMMALU,NEAR:RAMBA THEYETER,37,RAJAHMUNDRY,,,,145070,145071,,A003,8019296833,,0,3
L342,VENKATA KRISHNA MEDICALS,INNISPETA,"DNO:6-5-74/4, INNISPETA",37,RAJAHMUNDRY,M.SYAMALA,,37AWOPM3870A1ZF,879/AP/EG/R/2007/R,879/AP/EG/R/2007/R,,A003,9492083503,,4409,1
L343,MANI MEDICAL GENERIC HOUSE,"DNO:43-11-02,",OPP:GEETA APSARA THEATER,37,RAJAHMUNDRY,REDDY MANISWARARAO,,,AP/04/02/2017-140771,AP/04/02/2017-140772,,A003,8185897980,,0,3
L344,SRI VAMSI KRISHNA MEDICAL ST,"INNISPETA,NIDAMARTHIVARI ST","DNO:6-6-4,T NAGAR",37,RAJAHMUNDRY,M.SUNEETHA,,,545/AP/EG/R/2003/R,545/AP/EG/R/2003/R,,A003,9989707566,,0,3
L345,VIKAS M/G/STORES,DNO:7-24-7/1,T.NAGAR,37,RAJAHMUNDRY,V.KANAKA DURGAMBA,,,1122/AP/EG/R/2012/R,1122/AP/EG/R/2012/R,,A003,,,0,3
L346,THE MEDICAL&KALYANI GEN STORES,,,37,RAJAHMUNDRY,,,,1129,1129,,A003,,,0,3
L347,SRI SAI SATYANARAYANA M/GS,INNISPETA,DNO:6-9-1/3,37,RAJAHMUNDRY,RADHA KRISHNA,,37AJQPR7141A2Z1,453/AP/EG/R/2003/R,453/AP/EG/R/2003/R,,A003,,,0,2
L348,NEW ARAVINDAM ORTHOPEDIC,MEDICALS T.NAGAR,ARAVINDAM ORTHO HOSPITAL,37,RAJAHMUNDRY,,,37AATFA1143M1Z5,1059/AP/EG/R/2011/R,1059/AP/EG/R/2011/R,,A003,,,0,1
L349,GEETHA MULLAPUDI PHARMACY,GEETHA MULLAPUDI INTERNATIONAL,"DENTAL HOSPITALS,1ST FLOR",37,RAJAHMUNDRY,M.SANGEETHA,,,AP/04/02/2013-111397,AP/04/02/2013-111398,,A003,,,0,3
L350,RAMYA E.N.T MEDICAL HALL,INNISPETA,,37,RAJAHMUNDRY,DR.N.RAMA KRISHNA,,,412,412,,A003,6575589,,0,3
L351,UMA SHANKAR PHARMACY,"DNO:5-1-15,T.NAGAR",NYAPATHIVARI STREET,37,RAJAHMUNDRY,Y.SRINIVAS,,37AAPPY0051J1Z9,1149/AP/EG/R/2012/R,1149/AP/EG/R/2012/R,,A003,0883-2436030,,0,1
L352,PHARMA ARAVINDAM,,,37,RAJAHMUNDRY,,,,402/AP/EG/R/2003/R/R,402/AP/EG/R/2003/R/R,,A003,5566633,,0,2
L353,SRI KRISHNA MEDICAL&FAN STORES,KOTIPALLI BUS STAND,"DNO:36-26-10,INNISPETA",37,RAJAHMUNDRY,LAKSHMANA SWAMY,,37AMSPJ8629A1ZR,291/AP/EG/R/2002/R,291/AP/EG/R/2002/R,,A003,9848182727,,0,1
L354,APOLLO PHARMACIES LIMITED,ALCOTGARDEN,NEAR RAILWAY ST,37,RAJAHMUNDRY,,,37AAPCA5954P1ZQ,1181,1181,,A003,2438009,,0,1
L355,DHARANI MED/G/STORES,OPP:BOLLINENI HOSPATAL,TADI THOTA,37,RAJAHMUNDRY,,,,140957,140958,,A003,9948489266,,0,3
L356,JYOTHIRMAYEE MEDICAL&GEN/STORS,"DNO:40-4-28,MANGALAVARAPU PETA",STADIUM BACK SIDE ROAD,37,RAJAHMUNDRY,B.VEERA KRISHNARAO,,,856/AP/EG/R/2008/R,856/AP/EG/R/2008/R,,A003,9963154705,,0,3
L357,SRI RAJYALAKSHMI MED.STORES,STADIM ROAD,DNO:39-1-20,37,RAJAHMUNDRY,B.SUBRAHMANYAM,,,480/AP/EG/R/2003/R,480/AP/EG/R/2003/R,,A003,,,0,3
L358,SAI LAKSHMI MEDICALS(SHELTON),OPP;SHELTON RESTARENT,DNO:45-29-37/3/1,37,RAJAHMUNDRY,S.SATYANARAYANA,,37AVYPS0832P1ZI,77/AP/EG/R/2012/R,77/AP/EG/R/2012/R,,A003,,,0,1
L359,MANNAR SURGICALS,"DNO:6-6-5,VADREVUVARI ST",T.NAGAR,37,RAJAHMUNDRY,M.RAMU,,37AGFPM0098M1ZY,134,134,,A003,9848376606,,0,2
L360,SATYA BHASKARA M/ST(AC),ALCOT GARDENS,DNO:2-40-154/1,37,RAJAHMUNDRY,Y.KRISHNA MURTHY,,37ABPPY7362K1ZL,AP/04/02/2013/102388,AP/04/02/2013/102389,,A003,,,0,3
L361,SRI GANAPATHY MED/G/STORES,TADITHOTA,,37,RAJAHMUNDRY,,,,7672,7673,,A003,9912917019,,0,3
L362,ROHINI MEDICALS(B.R),BY PASS ROAD,DNO:45-22-21/A TADITHOTA,37,RAJAHMUNDRY,T.M.KUMAR GUPTA,,,257/AP/EG/R/2002/R,257/AP/EG/R/2002/R,,A003,,,0,3
L363,PRAJA GENERIC MEDICAL&G/STORES,NEAR SHELTON HOTEL,RTC COMPLEX ROAD,37,RAJAHMUNDRY,,,,128176,128177,,A003,,,0,3
L364,VENKATESWARA PHARMACY,KAMBAM CHOWTARY STREET,,37,RAJAHMUNDRY,,,,1710,1711,,A003,9703125130,,0,3
L365,SATHISH MEDICALS,OPP.RAMA KRISHNA THEATRE,DNO:41-2-41/E TADITHOTA,37,RAJAHMUNDRY,SATHISH,,37AHZPM4138M1ZF,527/AP/EG/R/2003/R,527/AP/EG/R/2003/R,,A003,903090904206,,0,2
L366,SREE VENKATESWARA AYURVEDIC AG,KOTIPALLI BUS STAND,"DNO:36-11-10,OPP:E SEVA",37,RAJAHMUNDRY,,,37ASCPR2368E1ZN,,,,A003,,,0,2
L367,SREE SAI GAYATHREE MEDICALAS,INNISPETA,KOTIPALLI BUS STAND,37,RAJAHMUNDRY,P JANSIRANI,,,141199,141200,,A003,9866959443,,0,3
L368,ABHI MEDICAL&GENERAL STORES,"DNO:30-06-18,BESTA STREET",OPP:KODANDA RAMALAYAM,37,RAJAHMUNDRY,M.DASU,,,AP/04/02/2020-13020,AP/04/02/2020-13021,,A003,,,0,3
L369,SRI LAKSHMI MEDICALS(AG),ALLCOT GARDAN,,37,RAJAHMUNDRY,,,,AP/04/05/2019-2466,,,A003,7396456143,,0,3
L370,MARUTHI MEDICAL&GENARAL STORES,AAVVA ROAD,EAST RAILWAY ROAD,37,RAJAHMUNDRY,446531394384,,,AP/04/05/2018-143468,AP/04/05/2018-143467,,A003,9866573561,,0,3
L371,THE GODAVARI SURGICALS,"DNO:10-7-46/1,",RANGREEZPETA,37,RAJAHMUNDRY,,,37BJUPD7444P1ZA,AP/04/02/2015-127012,AP/04/02/2015-127013,,A003,0883-6661999,,0,1
L372,LIFE CARE PHARMACY,TADITHOTA,NEAR:SMHITA COLLAGE,37,RAJAHMUNDRY,,,37ASZPT3565A1Z5,11388,11389,,A003,9966061999,,0,2
L373,SRI VIJAYALAKSHMI M/S,,,37,RAJAHMUNDRY,,,,/AP/EG/R/2003/R/R,/AP/EG/R/2003/R/R,,A003,,,0,2
L374,NAGA SUPRABHA MEDICALS,,,37,RAJAHMUNDRY,,,,85/AP/EG(R)/2002/R,85/AP/EG(R)/2002/R,,A003,,,0,2
L376,SRI SAI LAKSHMI M/F/STORES,"DNO:43-11-26,AYYAPANAGAR",NEAR NARAYANA COLLAGE,37,RAJAHMUDNRY,CH.SURI BABU,,,227/AP/EG/R/2002/R,227/AP/EG/R/2002/R,,A003,,,0,3
L377,SRI LAKSHMI AYURVEDIC STORES,NEAR SYAMALA THEATER,INNSPETA,37,RAJAHMUNDRY,,,,,,,A003,,,0,3
L379,LIFE PHARMACY,,,37,RAJAHMUNDRY,,,,103619,103620,,A003,,,0,3
L380,THE MED STORES,OPP.RAILWAY STATION,,37,RAJAHMUNDRY,,,,9/AP/EG/R/2003/R/R,9/AP/EG/R/2003/R/R,,A003,,,0,2
L381,HEMA MEDICAL&GENARAL STORES,DNO:2-40-146,ALCOT GARDENS,37,RAJAHMUNDRY,B.L.N.MURTHY,,37AGYPB8074B1Z5,510/AP/EG/R//2003/R/DT,510/AP/EG/R/2003/R/DT,,A003,0883-2422673,,0,1
L382,BHASKARA MED.STORES(A.C),ALCOT GARDENS,,37,RAJAHMUNDRY,SATYANANDAM/KRISHNA MURTHY,,,469/AP/EG/(R)/2003/R,469/AP/EG/(R)/2003/R,,A003,,,0,2
L383,SAI SRAVANI MEDICAL&GENRAL STS,DNO:2-41,RAVVI CHETTU CENTER,37,HUKUMPETA,D.RAVI KUMAR,,,914/AP/EG/R/2009/R,914/AP/EG/R/2009/R,,A003,9490711585,,0,3
L384,PAVAN MEDICALS(AC),ALCOT GARDENS,DNO:2-40-131/1,37,RAJAHMUNDRY,M.SRIRAMA MURTHY,,,150/AP/EG/R/2002/R,150/AP/EG/R/2002/R/R,,A003,,,0,2
L385,SRI VEERA SAI MED/G/STORES,"DNO:2-40-123/3,ALOCT GRADENS",BESIDE:S.B.I,37,RAJAHMUNDER,B.REVATHI KRISHNA,,,AP/04/02/2017-139027,AP/04/02/2017-139028,,A003,,,0,3
L388,VIJAYA SAI M/G/S(ILTD),I.L.T.D.JUNCTION,,37,RAJAHMUNDRY,,,,478,478,,A003,9290462589,,0,2
L390,VISHNU PRIYA M/G/S (G.A),DNO:30-16--40 OPP: GEETA AP,MANGALAVARAPUPETA,37,RAJAHMUNDRY,M.K.RAJESH,,,AP/04/02/2014/118627,AP/04/02/2014/118628,,A003,9030949408,,0,3
MD00,MANDAPET,,,37,,,,,,,,A003,,,0,2
MD01,MURTHY MEDICAL&GEN/STORES,"DNO:8-115,MARKET ROAD",,37,RAVULAPALAM,P.S.K.MURTHY,,37AQMPP9765D1Z6,4/AP/EG/A/2002/R,4/AP/EG/A/2002/R,,A003,0855-255404,,0,2
MD02,PADMAJA MEDICAL&GEN STORES,MAINROAD,,37,RAVULAPALAM,,,37ACOPG1925E1ZQ,4,4,,A003,9866548757,,0,1
MD03,SREE VENKATESWARA MEDICAL STO,DNO:17-96-97,POLICE STATION STREET,37,DOWLESWARAM,G.V.R.JAGANNADHAM,,37ABQPG1231Q1ZA,485/AP/EG/R/2003/R,485/AP/EG/R/2003/R,,A003,,,0,1
MD04,SRI SAI LAKSHMI MED/G/STORES,"D.NO:08-32,AMBETHKAR CENTRE",,37,KADIYAM,,,,AP/04/05/2017-142392,AP/04/05/2017-142393,,A003,8247593959,,0,3
MD05,VIJAYA DURGA PHARMACY,"DNO:5-4-77/12,GOKHALE STREET",COLLAGE ROAD,37,AMALAPURAM,K.V.V.S.R.GUPTA,,37AEQPK5094N1ZL,2/AP/EG/A/2002/NH/R,,,A003,9885625259,,0,2
MD06,SRI DEVI MEDICAL&GENARAL STORS,R.T.C.COMPLEX OPP,,37,AMALAPURAM,,,37BLAPS6239P1ZC,360,360,,A003,9491816999,,0,1
MD07,SRIDEVI MEDICAL&GENARAL/STORES,MAINROAD,,37,POTTILANKA,,,,136,136,,A003,9948005204,,0,3
MD07,SRIDEVI MEDICAL&GENARAL STORES,MAINROAD,,37,POTTILANKA,MALLISWARARAO,,,136,136,,A003,9948005204,,0,3
MD08,MAHENDRANATH MEDICALS,MAIN ROAD,,37,MANDAPETA,,,,341,341,,A003,8977866904,,0,1
MD09,STAR PHARMACY,"DNO:15-1-9,K.P ROAD",,37,MANDAPETA,G.MALLIBABU,,37ACOFS2058J1ZM,AP/04/05/2014-113743,AP/04/05/2014-113744,,A003,9248028999,,0,1
MD10,SRI LAKSHMI MED/G/STORES,MAINROAD,,37,KADIYAPULANKA,,,,119959,119960,,A003,,,0,3
MD11,SRI SWAMY AYYAPA MED/G/STORES,HIGH SCHOOL ROAD,,37,KADIYAM,M.SATYA LAKSHMI,,,586,586,,A003,8019211505,,0,3
MD12,SURYA MEDICALS,C/O SRINIVASA CHILD HOS,NEAR:RTC COMPLEX,37,RAVULAPALAM,,,37AFRPM7115G1Z5,585/AP/EG/A/2007/R/R,585/AP/EG/A/2007/R/R,,A003,08855-256456,,0,2
MD13,VARA LAKSHMI MEDICALS,C/O SUNRISE CHILD HOS,,37,MANDAPETA,,,,AP/04/05/2020-10981,AP/04/05/2020-10982,,A003,9133672158,,0,3
MD14,SAI LAKSHMI MEDICALS,C/O SANTHI CHILD HOS,,37,MANDAPETA,,,37DBLPS2595R3ZB,992/AP/EG/R/2010/R,992/AP/EG/R/2010/R,,A003,8106193455,,0,1
MD17,SRI VENKATADRI MEDICAL&GEN/STR,"DNO:7-1-10,MAINROAD",KAPILESWARAM ROAD,37,MANDAPETA,CH.VEERABABU,,,156,156,,A003,9247630996,,0,3
MD19,LAKSHMI GAYATRI MED/G/STORES,,,37,RALLI,,,,668,668,,A003,08855-250751,,0,3
MD23,SRI MARUTHI M/S,,,37,KOTHAPETA,,,,379,379,,A003,9849748731,,0,3
MD25,VASAVI M/G/STORES,,,37,VADAPALLI,285739(08813),,,732,732,,A003,9491511980,,0,3
MD28,SRI TIRUMULA MEDICAL STORIES,,,37,MANDAPETA,,,,508,508,,A003,,,0,2
MD29,DURGA MEDICALS,,,37,KADIYAM,KUMAR,,,862,862,,A003,7013335626,,0,3
MD36,SRI SUNDEEP MEDICALS,MAIN ROAD,,37,VEMAGIRI,SIVA PRASAD,,,392,392,,A003,418028,,0,3
MD37,SIRA MEDICALS,,,37,RAZOLE,,,,685,685,,A003,9492259959,,0,3
MD40,UMA SATYADEV MEDICAL &GEN ST,MAIN ROAD,,37,DOWALESWARAM,,,,477,477,,A003,,,0,2
MD41,PADMAVATHI PHARMACY,,,37,RAVULAPALAM,,,,AP/04/03/2014-113755,AP/04/03/2014-113756,,A003,8985773226,,0,3
MD42,SRI LAKSHMI SRINIVASA MED/G/S,MAINROAD,,37,CHOPPILA,,,,101687,101688,,A003,9959678955,,0,3
MD44,ROHAN MEDICAL&GENARAL STORES,"DNO:5-38/1,RAYUDUVARI GROUP",,37,MALKIPURAM,MALLI GANGARAJU,,,AP/04/03/2019-4246,AP/04/03/2019-4247,,A003,9502969227,,0,3
MD45,VASANTHA MEDICAL&GENARAL,DNO:2-106,MAIN ROAD,37,DOWALESWARAM,T.V.RAMANARAO,,37ADKPT4939L1ZO,178/AP/EG/R/2002/R,178/AP/EG/R/2002/R,,A003,9912807977,,0,2
MD46,MAHALAKSHMI MEDICALS,C/O ADITYA SKIN CARE HOSPITAL,BACK SIDE RELIANCE TRENDS,37,RAVULAPALEM,,,,AP/04/03/2020-11766,AP/04/03/202-11767,,A003,,,0,3
MD50,SRI RK MEDICAL AND GENERAL STS,"DNO:8-277,SHOP NO:-4",MAIN ROAD,37,TATIPAKA,P.L.R.PRASAD,,37BCTPB2646H1ZF,AP/04/03/2017-138001,AP/04/03/2017-138002,,A003,08862-247278,,0,2
MD51,SRI SAI TEJA M/F/ST,DNO:7-251,NEAR: BABA TEMPLE,37,DOWLAISWARAM,P.RAJESH,,,571/AP/EG/R/2003/R,571/AP/EG/R/2003/R,,A003,9849095083,,0,3
MD65,SRI BALAJI MED/G/STORES,DNO:2-208,PANCHAYATY ROAD,37,PERAVARAM,,,,796/AP/EG/A/11/R,796/AP/EG/A/11/R,,A003,08855-282239,,0,3
MD66,SRI RAMYA MEDICALS,,,37,DOWLAISWARAM,,,,169,169,,A003,,,0,3
MD67,RAVI'S LIFE CARE MED SHOPPE,DNO:10-502,MAIN ROAD,37,DOWLAISWARAM,N.RAVI KUMAR,,37BGDPR0301K1ZK,918/AP/EG/R/2009/R,918/AP/EG/R/2009/R,,A003,,,0,2
MD72,SRI VEERA SANTHOSHI M/S,,,37,MANDAPETA,,,,702,702,,A003,,,0,3
MD74,SREE RAMA MEDICAL STORES,DNO:8-51,,37,KOTHAPETA,,,37AIXPS0826M1ZD,269,269,,A003,08855-244242,,0,2
MD75,VIJAYA DURGA MEDICAL&GENARALST,DNO:13-76 MAIN ROAD,NEAR:POLICE STATION,37,DOWLESWARAM,M.NARESH,,,954/AP/EG/R/2009/R,954/AP/EG/R/2009/R,,A003,8328456033,,0,3
MD76,SRI TIRUMALA M/G/S,,,37,RAVULAPALAM,,,,598,598,,A003,,,0,2
MD79,NAGASURYA MED&G/S,,,37,KESAVARAM,,,,833,833,,A003,9848325205,,0,3
MD80,SRI VAMSI MED/GEN/STORES,DNO:3-614/A,RAMAKRISHNA NAGAR,37,RAJAMUNDRY,K.VIJAY KIRAN BABU,,,AP/04/05/2014-118789,AP/04/05/2014-118790,,A003,,,0,3
MD81,SRI RADHAKRISHNA JANARIC&GEN,OPP:GOVT HOSPITAL,,37,KOTHAPETA,P.RAM PRASAD,,,AP/04/03/2017-135666,AP/04/03/2017-135667,,A003,8885267737,,0,3
MD82,ARUN SAI MED/G/STORES,,,37,DOWLESWARAM,,,37AOKPA8746H1ZO,AP/04/05/2013-107636,AP/04/05/2013-107637,,A003,,,0,1
MD83,VENKATA LAKSHMI MEDICALS,BHASKARA CHILDREN HOSPITAL,OPP:HEAD POST OFFICE,37,KOTHAPETA,DR SRIDHAR,,37BBWPM4870L1ZO,743,743,,A003,,,0,1
MD84,SHREE MEDICAL&GEN STORES,,,37,KOTHAPETA,,,37BAPPC4260C1ZY,AP/04/03/2017-142014,AP/04/03/2017-142015,,A003,9959446886,,0,2
MD85,AMMIREDDY PHARMACY,DNO:8-840,VEDHIRESWARAM ROAD,37,RAVULAPALEM,,,37DDWPM6836G1ZR,AP/04/03/2017-138516,AP/04/03/2017-138517,,A003,6303528565,,0,2
MD88,SRI SAIRAM MEDICAL STORES,,,37,HUKAMPETA,B.CHINABABU,,37AMPPB8485R2ZW,139155,139156,,A003,9885061535,,0,1
TL00,TALLAPUDI,,,37,,,,,,,,A003,,,0,2
TL01,VIJAYA M/G/STORES,,,37,NIDADAVOLU,,,,65,65,,A003,,,0,2
TL02,PAVAN MEDICAL STORES,,,37,NIDADAVOLU,,,,122,122,,A003,,,0,3
TL03,HAKEEM MEDICAL&GENERALS,NEAR:BUS STAND,MAIN ROAD,37,DOMMERU,SUBHANI,,,AP/05/05/2020-8496,AP/05/05/2020-8497,,A003,7396477466,,0,3
TL04,PADMAJA MEDICAL STORES,DNO:6-5-2,MAIN ROAD,37,NIDADAVOLU,G.BULLI TATARAO,,,495/AP/WG/E/2003/R,495/AP/WG/E/2003/R,,A003,221560 08813,,0,3
TL05,SRI SATYANARAYANA MEDICAL ST,,,37,NIDADAVOLU,SATHEESH,,,6,6,,A003,9885206003,,0,1
TL06,SRI SURYA MEDICALS,"DNO:2-2-30,PATI MEEDA",SURYA HOSPITAL,37,NIDADAVOLU,K.VIJAYA,,37ANGPK0599M1ZE,396/AP/WG/E/2012/R,396/AP/WG/E/2012/R,,A003,9885945569,,0,1
TL07,SRI VASAVI MEDICALS,,,37,NIDADAVOLU,,,,370,370,,A003,,,0,2
TL08,VARMA MEDICALS,"DNO:18-4-5,SHOPNO:3",PRAVALLITHA SKIN HOS,37,BIMAVARAM,G.SANJAY,,37BIGPG5992Q1ZC,AP/05/02/2020-9872,AP/05/02/2020-9873,,A003,9550029950,,0,2
TL09,SAI SANJEEVANI PHARMACY,"JP ROAD,WATER TANK BACKSIDE",INDIAN HOSPITAL,37,BHIMAVARAM-2,,,37AANHM2320L1Z0,245,245,,A003,08816-224555,,0,2
TL10,RAINBOW PHARMACY,"DNO:8-4-1945,LANCHILA REVUU",RAINBOW HOSPITAL,37,KOVVUR,SHAHALA,,,AP/05/05/2020-11526,AP/05/05/2020-11527,,A003,9878892462,,0,3
TL11,SWATHI MEDICAL STORES,,,37,NIDADAVOLU,,,,,,,A003,222016,,0,2
TL12,SRI VIJAYA LAKSHMI MED STORES,,,37,NIDADAVOLU,,,,282,282,,A003,22176,,0,3
TL13,RAVI MEDICALS,DNO:4-2-5/2,GANESH CHOWK,37,NIDADAVOLU,G.V.S.RAGHAVA KUMAR,,37AFAPG6780Q1ZU,265/AP/WG/E/2003/R,265/AP/WG/E/2003/R,,A003,222942(9246664812),,0,1
TL14,SRI ROHINI MEDICALS,DNO:4-2-5/1,"PATIMEDA,GANESH CHOWK",37,NIDADAVOLU,SATYANARAYANA,,37APAPS1134G1Z4,69/AP/WG/E/2008/R,69/AP/WG/E/2008/R,,A003,9885117159,,0,1
TL15,SRI SAI SURYA VASAVI M/G/ST,DNO:3-120/A,MAIN ROAD,37,UNDESWARAPURAM,M.RAMAGOPAL,,,620/AP/EG/R/2004/R,620/AP/EG/R/2004/R,,A003,0883-2497111,,0,3
TL16,ANDHRA MEDICAL STORES,,,37,NIDADAVOLU,,,,30,30,,A003,,,0,2
TL17,GAYATHRI PHARMACY,"DNO:1-3-7/9,SURYANARAYANA PUAM",NEAR:ADDAVANTHENA,37,BHIMAVARAM,,,37AAFHV0654N1ZM,883/AP/WGB/2005/R,883/AP/WGB/2005/R,,A003,08816-224303,,0,2
TL18,SATYA SRI MEDICAL STORES,,,37,NIDADAVOLU,,,,33,33,,A003,,,0,2
TL19,RAJA RAO MEDICAL STORES,,,37,NIDADAVOLU,,,,9,9,,A003,221196,,0,2
TL20,SRI VENKATESWARA M/HALL,DNO:3-170,RAMALAYAM STREET,37,ANNADEVARAPETA,CH.MANIDEEP,,,528/AP/WG/E/2003/R,528/AP/WG/E/2003/R,,A003,,,0,3
TL21,SATYA SRI MED/GENREL STORES,,,37,PALANTALLA,,,,735,735,,A003,,,0,3
TL22,SRI SAI PHARMA,,,37,TALLAPUDI,DR.KOTNIS,,,,,,A003,,,0,2
TL23,SRI SIVA SRINIVASA MEDICAL STO,JUVALLA PALAM ROAD,,37,BHIMAVARAM,,,37ASEPA8105A1ZF,544/AP/WG/B/2003/R,544/AP/WG/B/2003/R,,A003,223047(08816),,0,2
TL24,DORA SRI MEDICAL EMPORIUM,,,37,PRAKKILANKA,,,,478,478,,A003,,,0,3
TL25,SRI RAJA MEDICAL EMPORIUM,,,37,TALLAPUDI,,,,79,79,,A003,82159,,0,2
TL26,SRI KANAKA MAHALAKSHMI MED.ST,,,37,TALLAPUDI,,,,373,373,,A003,958813-282111,,0,3
TL27,RAJA SURYA MEDICAL EMPORIUM,,,37,TALLAPUDI,,,,559,559,,A003,,,0,2
TL28,RAJA SRI MEDICAL EMPORIUM,,,37,TALLAPUDI,,,,275,275,,A003,9912194259,,0,3
TL29,APPLE PHARMACY,A UNIT OF TANUKU HOSPITALS LTD,"33-3-2/1, GROUND FLOOR",37,TANUKU,DR.V.SUNDARA RAO,,37AACCT3477B1ZF,AP/05/03/2015-125032,AP/05/03/2015-125033,,A003,08819-22115,,0,1
TL30,KHADESH MEDICAL&GEN STORES,,,37,CHINAIGUDEM,,,,728,728,,A003,9490720860,,0,3
TL31,PADMA MEDICAL STORES,,,37,DHARMAVARAM,,,,28,28,,A003,,,0,3
TL32,VENKATESWARA MED.ST & AGEN.,BUS STAND CENTRE,,37,NIDADAVOLU,,,,,,,A003,,,0,2
TL33,SRI NAGESWARA MEDICAL STORES,MAIN ROAD,,37,CHAGALLU,K.MOHANRAO,,,251/AP/WG/E/2002/R,251/AP/WG/E/2002/R,,A003,,,0,3
TL34,SRI VENKATA RAMANA MED STORIES,,,37,CHAGALLU,,,,408,408,,A003,08813-270090,,0,3
TL35,NISA PHARMACY,21-4-29 NISA HOSPITAL,OLD POLICE ST STREET,37,TANUKU,SHAHEEDA BEGUM,,37AFDPB6708A1Z1,189/AP/WG/6/2010/R,189/AP/WG/6/2010/R,,A003,9505066770,,0,1
TL36,SRI VIJAYA MEDICAL&GEN STORES,DNO:9-96\1,MAIN ROAD,37,CHAGALLU,M.SATYANARAYANA,,,24/AP/WG/E/2002/R,24/AP/WG/E/2002/R,,A003,9949302460,,0,3
TL37,VARALAKSHMI MEDICAL STORES,,,37,CHAGALLU,,,,385,385,,A003,,,0,2
TL38,SRI SIVA SAI M/G/ST,MAINROAD,,37,KOVVUR,9866496500,,37AWQPM8881P1Z5,11,11,,A003,9949628010,,0,2
TL39,ROYAL MEDICAL &GENERAL STORES,"NEAR BUS DEPO,UBA VARI STREET","DNO:312-20,",37,KOVVUR,08813-232325,,37AHZPM4146M1ZF,404/AP/WG/E/2003/R,404/AP/WG/E/2003/R,,A003,9849510219,,0,1
TL40,S.V.V.VIJAYA KRISHNA M/G/S,NEAR BUS STAND,,37,KOVVUR,SOMARAJU,,,126,126,,A003,08813-233912,,0,2
TL41,SRI VENKATESWARA MED/G/STORES,,,37,KATAKOTESWARAM,P.V.RAMARAO,,,208,208,,A003,9441554190,,0,3
TL42,SRI RAJYALAKSHMI MED/GEN/STORS,GAYATRI THEATER CENTER,,37,KOVVUR,P.CHENDRA SEKHAR,,37BZZPP4463P1Z0,386/AP/WG/E/2003/R,386/AP/WG/E/2003/R,,A003,08813-233367,,0,2
TL43,SRI KALKI MEDICALS,,,37,KOVVUR,,,,73,73,,A003,9030553010,,0,2
TL44,S.V.V.VIJAYASAI MED&GEN/STORES,,,37,KOVVUR,,,,522,522,,A003,9949003726,,0,2
TL45,S.V.V.S.BHAGAVAN MED STORES,NEAR.GOVT.HOSPITAL,,37,KOVVUR,08818-233529,,,114/AP/WG/E/2009/R,114/AP/WG/E/2009/R,,A003,9290573183,,0,3
TL46,S.V.V.S.MEDICAL&GEN STORES,MAIN ROAD,DNO:12-2-31,37,KOVVUR,K.VAMSI KRISHNA,,37CBGPK8217C1ZR,204/AP/WG/E/2002/R,204/AP/WG/E/2002/R,,A003,231254,,0,1
TL47,S.V.V.S.H MEDICAL STORES,MAIN ROAD,,37,KOVVUR,K.V.BHADRA RAO,,37ANDPK5473F1ZX,155/AP/EG/E/2002/R,155/AP/WE/E/2002/R,,A003,231544(08813),,0,1
TL48,MADHU CHALAPATHI MEDICALS,DNO:27-1-8/B J.P ROAD,MADHUCHALAPATHI HOPITAL,37,BHIMAVARAM,,,37ABIFM7457L1ZJ,886/AP/WG/B/2005/R,886/AP/WG/B/2005/R,,A003,O8818-224111,,0,2
TL49,MADINA MED/G/STORES,,,37,DOMMERU,,,,118882,118883,,A003,,,0,3
TL50,TARUN MED&GEN/STORES,DNO:8-4--35,OPP:ANDHARA BANK,37,KOVVUR,J.DAYAKAR NAIK,,,29/AP/WG/E/2008/R,29/AP/WG/E/2008/R,,A003,9959919700,,0,2
TL51,SRI VENKATESWARA MEDICAL ST,OPP BUS STOP,,37,MALAKAPALLI,,,,163,163,,A003,958813-284537,,0,2
TL52,BEST PHARMCY,,,37,NIDADAVOLU,,,37BJBPK4360E1ZG,AP/05/05/2014-119854,AP/05/05/2014-119855,,A003,9490589055,,0,2
TL53,PRASANNA MEDICALS,DR.J BHANU PRASAD,PRASANNA HOSPATAL,37,PRAKKILANKA,J.BHANU PRASAD,,37AGIPV4867E1ZU,297/AP/WG/E/2007/R,297/AP/EG/E/2007/R,,A003,9640141549,,0,2
TL54,ABHIRAM M/G/STORES,DNO:1-25,MAIN ROAD,37,TALLAPUDI,S.VEERABHADRA RAO,,,738/AP/WG/E/2006/R,738/AP/WG/E/2006/R,,A003,282627(08813),,0,3
TL55,SIVA SAI LAKSHMI M/STORES,,,37,NIDADAVOLU,,,,754,754,,A003,,,0,2
TL56,MALLISWARI MEDICALS,,,37,VELLPUR,,,,102289,102290,,A003,,,0,3
TL57,SRI VEERABHADARA MED/G/STORES,MAIN ROAD,,37,KUMARDEEVAM,K.N.SURESH,,,180,180,,A003,9849100697,,0,3
TL58,S.S.S.GANESH MEDICAL&GEN/STORS,DNO:12-2-44,"MAINROAD,BESIDE SBI ATM",37,KOVVUR,K.B.N.SRINIVASA GUPTA,,37DSNPK2488G1Z7,88/AP/WG/E/2008/R,88/AP/WG/E/2008/R,,A003,08813 232944,,0,1
TL59,SRI ANJANEYA SWAMY MEDICAL&,GENERAL STORES,DNO:6-10,37,VEGESWARAPURAM,T.SITARAMANJANEYLU,,,278/AP/WG/E/2010/R,278/AP/WG/E/2010/R,,A003,9494701478,,0,3
TL60,PADMA SREE M/S,,WG,37,NIDADAVOLU,,,,73,73,,A003,226111(08813),,0,2
TL61,SAI LALITHA MEDICALS,,,37,POLAVARAM,,,,188,188,,A003,,,0,3
TL62,SRI SAI KALKI M/G/STORES,,,37,TALLAPALEM,,,,444,444,,A003,9491351335,,0,3
TL63,APOLLO PHARMACIES LIMITED,MAINROAD,,37,KOVVUR,,,37AAPCA5954P1ZQ,283,283,,A003,08813-231489,,0,1
TL64,SRAVANI MEDICALS,,,37,NIDADAVOLU,,,,33,33,,A003,,,0,3
TL65,KIRANMYE MED/F/STORES,SATYA HOSPITAL,NARENDRA CENTER,37,TANUKU,,,,371,371,,A003,,,0,2
TL66,SRI MAHALAKSHMI M/G/S,DNO:,MAIN ROAD,37,TALLAPUDI,S.SATYANARAYANA,,,AP/05/05/2013/104942,AP/05/05/2013/104943,,A003,9666831625,,0,3
TL67,VENKATESWARA MED&GEN STORES,DNO:2-196 NIDDADAVOLU ROAD,,37,YERNAGUDEM,S.S.V.SATYANARAYANA,,,636/AP/WG/E/2004/R,636/AP/WG/E/2004/R,,A003,9000896525,,0,3
TL68,VEENU MADHURI M/G/S,PALAKOLLU,,37,PALAKOLLU,,,,208,208,,A003,,,0,3
TL69,SATYAKRISHNA MED/FAN/STORES,DNO:1-63,POST OFFICE STREET,37,MALLAVARAM,958813 275699,,37FEQPS7502C1Z6,612,612,,A003,8985219699,,0,2
TL70,SANJIV PHARMCY&GENEREL,DNO:8-4-2 A.K.PRAKASAM ROAD,MAIN ROAD,37,KOVVUR,AKULA RAJIV,,37BOPPA1650C1ZB,AP/05/05/2014/119888,AP/05/05/2014/119889,,A003,08813-234744,,0,2
TL71,PAVAN MEDICAL AGENCIES,DODDIPATLA VARI STREET,"DNO:27-4-1,",37,TANUKU,Y.RAMESH,,37AEAPY3431K1Z8,109893,109894,,A003,9985358151,,0,1
TL72,SRI GANESH MEDICALS,"DNO:35-33-1/1,BEHIND BOMMALA",C/O SRI SUPRAJA HOSPITAL,37,TANUKU,,,37AGHPN1425D1ZP,AP/05/03/2018-147700,AP/05/03/2018-147701,,A003,08819-297576,,0,1
TL73,SAI LAKSHMI MEDICALS,,,37,TANUKU,,,,133054,133055,,A003,9491555915,,0,1
TL74,SRUJANA MEDICALS,,,37,TANUKU,,,,123098,123099,,A003,9666953737,,0,3
TL75,SRI KRISHNA MEDICALS,SRI BALAJI HOSPITAL,SBVRR COMPLEX,37,TANUKU,,,,990,990,,A003,,,0,1
TL76,THE TARAKAPRABHU MED/DISPENSAR,PRIYANKA NURSING HOME,OPP TELECOM OFFICE,37,TANUKU,,,,114363,114364,,A003,08819-229815,,0,1
TL77,DR.SAROJINI M.B.B.S DGO,,SATYA HOSPITAL,37,TANUKU,,,,,,,A003,,,0,3
TL78,GAYATRI MEDICAL STORES,MAIN ROAD,,37,GOPALPURAM,,,,97,97,,A003,,,0,3
TL79,KIRAN MEDICAL&GENERAL STORES,DNO:12-1-14 OPP:GOVT JR COLLAE,MAIN ROAD,37,KOVVUR,P.MALLESH,,,AP/05/05/2017-138871,AP/05/05/2017-138872,,A003,08813-231319,,0,3
TL80,SRI GANESH MED/G/STORES,MAINROAD,DNO:2-420,37,CHAGALLU,HARI,,37CCBPK4032R1ZA,,157/AP/WG/E/2009/R,,A003,,,0,2
TL81,VENKATESWARA SURGICALS,YALLAMILLI VARI STREET,,37,TANUKU,SARWASWARA RAO,,37AYJPR0386B1ZC,104/AP/WG/B/2010/W,104/AP/WG/B/2010/W,,A003,,,0,1
TL82,APPLE PHARMACY(RETAIL),A UNIT OF TANUKU HOSPITALS LTD,"33-3-2/1,GROUND FLOOR",37,TANUKU,DR.V.SUNDRA RAO,,37AACCT3477B1ZF,AP/05/03/2015-125030,AP/05/03/2015-125031,,A003,08819-221115,,0,1
TL83,SRI GANESH PHARMACY,SRI GANESH CHILDRENS HOSPITAL,"PARK ROAD,NEAR SAI BABA T",37,NARSAPUR,NAGA BHUSHANA KONDA,,37ADPPJ5437N1ZU,AP/05/02/2016-134141,AP/05/02/2016-134142,,A003,08814-278108,,0,1
TL84,PULSE PLUS PHARMACY,PALLANTLA CROSS ROAD,OPP:SBI BANK,37,DEVARAPALLI,N.J.V.SRIRAM,,37BAOPN4857P1ZM,130523,130524,,A003,9701111831,,0,2
TL85,JAI MEDICALS,"SHOP NO:11,B BLOCK,,",DNR COMPLEX,37,BHIMAVARAM,,,37BLNPS0075E1ZW,AP/05/02/2017-139513,AP/05/02/2017-139514,,L003,9494925257,,0,1
TL86,SRI SANTHI MEDICAL&GENARAL STS,VENKATESWARARAO STREET,,37,DEVARAPLLI,R.V.V.SATYANARAYANA,,,52,52,,A003,8341411911,,0,3
TL87,VENKATESWARA M/G/S,,,37,KUMARDEVAM,,,,49,49,,A003,,,0,3
TL88,SAIRAM M/G/S,DUDUKURU,,37,DUDUKURU,,,,173,173,,A003,,,0,2
TL89,SRI LAKSHMI MED/AGRO TRADERS,,,37,CHITYALA,,,,177,177,,A003,,,0,3
TL90,AMMA MEDICALS,"DNO:22-19-2,GROUND FLOOR","AMMA HOSPITAL,RP ROAD",37,TANUKU,,,,AP/05/03/2018-149769,AP/05/03/2018-149770,,A003,6304991176,,0,3
TL91,SRI PAVAN MEDICAL&GEN/STO,MAINROAD,,37,DEVARAPLLLI,PAVAN,,,AP/05/05/2019-2616,AP/05/05/2019-2617,,A003,9059076211,,0,3
TL92,SRI VENKATESWARA MED/G/STORES,DNO:12-2-1930,MAINROAD,37,KOVVUR,RAGHAVA,,37CBGPK8214B2ZV,AP/05/05/2019-4852,AP/05/05/2019-4853,,A003,08813-231254,,0,1
TL93,VARALAKSHMI PHARMACY,"DNO:33-5-2/1,GROUND FLOOR",SURYALAYAM STREET,37,TANUKU,B.SRINIVASA,,,AP/05/03/2017-141882,AP/05/03/2017-141883,,A003,9440959692,,0,3
TL94,SAI REVANTH MEDICALS,"DNO:11-121/1/a,1st FLOOR,","AZAD NAGAR,",36,KODAD(SURYAPET),ANURADHA,,36ANEPB6921E1ZE,TS/SPT/2019-55270,TS/SPT/2019-55270,,A003,9640481666,,0,2
TL95,SRI VIJAYA LAKSHMI MED/STORES,NEAR:FISH MARKET,,37,VIJAYAWADA-1,,,,124299,124300,,A003,,,0,3
TL96,SAI ARJUN MEDICAL&GEN/STORES,"DNO:1-104,MAINROAD",KOVVUR MANDAL,37,VADAPALLI,U.ANJANEYULU,,37ACJPU0873G1Z8,359,359,,A003,9014138305,,0,2
TL97,MARNATHA MEDICAL&GEN/STORES,C/O MANGANA SURGICAL&METERNARI,HOSPITAL,37,TALLAPUDI,,,,633/AP/WG/E/2005/R,633/AP/WG/E/2005/R,,A003,9160913038,,0,3
